parent_sku,component_sku,description,bom_qpu,actual_qpu,deviation_pct,direction,total_parent_units,unit_cost,forecasted_units_next_period,dollar_exposure
SVC-1022,CMP-2001,Component for SVC-1022,8.625,4.075875486381323,1.116109785202864,OVER-STATED (over-procurement risk),1028,133.37,768,465958.4535408561
SVC-1008,CMP-2011,Component for SVC-1008,1.96,3.8070973612374885,-0.4851720841300191,UNDER-STATED (stockout risk),1099,171.82,970,307847.22054959054
SVC-1026,CMP-2039,Component for SVC-1026,7.95,4.203357314148681,0.8913452761296213,OVER-STATED (over-procurement risk),2085,119.96,633,284500.11342446046
SVC-1008,CMP-2032,Component for SVC-1008,2.358,4.219758064516129,-0.44120019111323455,UNDER-STATED (stockout risk),1488,152.13,970,274732.3767241935
SVC-1014,CMP-2055,Component for SVC-1014,5.464,3.2776988636363638,0.6670231852654388,OVER-STATED (over-procurement risk),1408,179.19,658,257780.25181125003
SVC-1018,CMP-2051,Component for SVC-1018,4.76,2.8008130081300813,0.6995065312046443,OVER-STATED (over-procurement risk),984,158.55,632,196317.58965853657
SVC-1028,CMP-2031,Component for SVC-1028,7.999,4.267902274641955,0.8742228582708249,OVER-STATED (over-procurement risk),1187,95.16,392,139180.09374166804
SVC-1024,CMP-2006,Component for SVC-1024,3.104,1.8680659670164919,0.6616115569823434,OVER-STATED (over-procurement risk),1334,162.31,685,137414.05023208397
SVC-1013,CMP-2029,Component for SVC-1013,3.193,1.8249701314217444,0.7496176759410802,OVER-STATED (over-procurement risk),1674,118.78,812,131945.60528525687
SVC-1022,CMP-2021,Component for SVC-1022,2.978,1.88,0.5840425531914896,OVER-STATED (over-procurement risk),1350,147.72,768,124566.95808000004
SVC-1007,CMP-2043,Component for SVC-1007,5.732,3.1812080536912752,0.801831223628692,OVER-STATED (over-procurement risk),1639,136.15,327,113563.93578120806
SVC-1013,CMP-2017,Component for SVC-1013,1.696,0.9818976279650437,0.7272676414494597,OVER-STATED (over-procurement risk),1602,155.6,812,90224.83521997504
SVC-1009,CMP-2056,Component for SVC-1009,5.152,3.072955047899779,0.6765621103117505,OVER-STATED (over-procurement risk),1357,100.77,345,72279.34913898305
SVC-1025,CMP-2042,Component for SVC-1025,5.654,2.83266291230893,0.996001704061346,OVER-STATED (over-procurement risk),1243,26.4,886,65992.20301592919
SVC-1024,CMP-2027,Component for SVC-1024,1.591,0.9906600249066002,0.606,OVER-STATED (over-procurement risk),1606,145.95,685,60019.439264943954
SVC-1025,CMP-2004,Component for SVC-1025,1.671,1.0703918722786647,0.5611105084745763,OVER-STATED (over-procurement risk),1378,61.41,886,32678.643779303336
SVC-1027,CMP-2032,Component for SVC-1027,1.844,1.0730897009966778,0.7184024767801858,OVER-STATED (over-procurement risk),1505,136.2,277,29084.44121461794
SVC-1007,CMP-2046,Component for SVC-1007,7.01,4.237858719646799,0.6541372574553977,OVER-STATED (over-procurement risk),1812,23.63,327,21420.363394701984
SVC-1020,CMP-2053,Component for SVC-1020,6.604,4.363636363636363,0.5134166666666669,OVER-STATED (over-procurement risk),1364,11.02,696,17183.409861818185
SVC-1002,CMP-2048,Component for SVC-1002,4.231,3.0758524704244956,0.37555361990950215,OVER-STATED (over-procurement risk),1437,25.97,545,16349.553831976336
SVC-1018,CMP-2041,Component for SVC-1018,1.922,0.9056728232189973,1.1221791697013839,OVER-STATED (over-procurement risk),1516,22.84,632,14670.56083757256
SVC-1022,CMP-2047,Component for SVC-1022,1.795,0.9638854296388543,0.8622545219638242,OVER-STATED (over-procurement risk),1606,10.82,768,6906.362612204233
SVC-1015,CMP-2003,Component for SVC-1015,7.038,4.074074074074074,0.7275090909090909,OVER-STATED (over-procurement risk),999,14.01,163,6768.510162222222
