parent_sku,component_sku,period,parent_units_serviced,actual_qty_consumed
SVC-1000,CMP-2001,2026-01,276,248
SVC-1000,CMP-2001,2026-02,173,160
SVC-1000,CMP-2001,2026-03,148,139
SVC-1000,CMP-2001,2026-04,212,209
SVC-1000,CMP-2001,2026-05,234,213
SVC-1000,CMP-2001,2026-06,255,231
SVC-1000,CMP-2047,2026-01,81,253
SVC-1000,CMP-2047,2026-02,316,922
SVC-1000,CMP-2047,2026-03,219,658
SVC-1000,CMP-2047,2026-04,75,246
SVC-1000,CMP-2047,2026-05,373,1086
SVC-1000,CMP-2047,2026-06,55,185
SVC-1000,CMP-2017,2026-01,142,295
SVC-1000,CMP-2017,2026-02,358,666
SVC-1000,CMP-2017,2026-03,104,204
SVC-1000,CMP-2017,2026-04,98,195
SVC-1000,CMP-2017,2026-05,151,296
SVC-1000,CMP-2017,2026-06,171,351
SVC-1001,CMP-2014,2026-01,125,239
SVC-1001,CMP-2014,2026-02,98,192
SVC-1001,CMP-2014,2026-03,123,248
SVC-1001,CMP-2014,2026-04,95,181
SVC-1001,CMP-2014,2026-05,199,379
SVC-1001,CMP-2014,2026-06,232,429
SVC-1001,CMP-2032,2026-01,141,259
SVC-1001,CMP-2032,2026-02,393,814
SVC-1001,CMP-2032,2026-03,164,302
SVC-1001,CMP-2032,2026-04,194,403
SVC-1001,CMP-2032,2026-05,347,716
SVC-1001,CMP-2032,2026-06,329,677
SVC-1001,CMP-2038,2026-01,217,232
SVC-1001,CMP-2038,2026-02,378,393
SVC-1001,CMP-2038,2026-03,299,325
SVC-1001,CMP-2038,2026-04,46,52
SVC-1001,CMP-2038,2026-05,290,289
SVC-1001,CMP-2038,2026-06,225,244
SVC-1001,CMP-2001,2026-01,275,1059
SVC-1001,CMP-2001,2026-02,262,926
SVC-1001,CMP-2001,2026-03,307,1230
SVC-1001,CMP-2001,2026-04,178,676
SVC-1001,CMP-2001,2026-05,315,1226
SVC-1001,CMP-2001,2026-06,278,1026
SVC-1002,CMP-2009,2026-01,343,322
SVC-1002,CMP-2009,2026-02,165,170
SVC-1002,CMP-2009,2026-03,84,79
SVC-1002,CMP-2009,2026-04,270,253
SVC-1002,CMP-2009,2026-05,277,273
SVC-1002,CMP-2009,2026-06,382,366
SVC-1002,CMP-2013,2026-01,54,55
SVC-1002,CMP-2013,2026-02,206,200
SVC-1002,CMP-2013,2026-03,148,148
SVC-1002,CMP-2013,2026-04,172,171
SVC-1002,CMP-2013,2026-05,345,364
SVC-1002,CMP-2013,2026-06,181,186
SVC-1002,CMP-2048,2026-01,304,970
SVC-1002,CMP-2048,2026-02,83,237
SVC-1002,CMP-2048,2026-03,248,737
SVC-1002,CMP-2048,2026-04,163,500
SVC-1002,CMP-2048,2026-05,370,1138
SVC-1002,CMP-2048,2026-06,269,838
SVC-1002,CMP-2021,2026-01,87,154
SVC-1002,CMP-2021,2026-02,247,466
SVC-1002,CMP-2021,2026-03,196,368
SVC-1002,CMP-2021,2026-04,228,416
SVC-1002,CMP-2021,2026-05,311,556
SVC-1002,CMP-2021,2026-06,321,572
SVC-1002,CMP-2006,2026-01,399,1216
SVC-1002,CMP-2006,2026-02,196,578
SVC-1002,CMP-2006,2026-03,101,321
SVC-1002,CMP-2006,2026-04,201,580
SVC-1002,CMP-2006,2026-05,314,1034
SVC-1002,CMP-2006,2026-06,393,1146
SVC-1003,CMP-2045,2026-01,150,164
SVC-1003,CMP-2045,2026-02,181,198
SVC-1003,CMP-2045,2026-03,308,330
SVC-1003,CMP-2045,2026-04,91,101
SVC-1003,CMP-2045,2026-05,191,193
SVC-1003,CMP-2045,2026-06,131,134
SVC-1003,CMP-2004,2026-01,313,1114
SVC-1003,CMP-2004,2026-02,63,257
SVC-1003,CMP-2004,2026-03,323,1182
SVC-1003,CMP-2004,2026-04,104,402
SVC-1003,CMP-2004,2026-05,291,1032
SVC-1003,CMP-2004,2026-06,46,176
SVC-1003,CMP-2002,2026-01,280,277
SVC-1003,CMP-2002,2026-02,214,201
SVC-1003,CMP-2002,2026-03,66,63
SVC-1003,CMP-2002,2026-04,284,264
SVC-1003,CMP-2002,2026-05,73,71
SVC-1003,CMP-2002,2026-06,77,77
SVC-1003,CMP-2042,2026-01,391,354
SVC-1003,CMP-2042,2026-02,116,119
SVC-1003,CMP-2042,2026-03,195,177
SVC-1003,CMP-2042,2026-04,167,153
SVC-1003,CMP-2042,2026-05,253,251
SVC-1003,CMP-2042,2026-06,356,332
SVC-1004,CMP-2044,2026-01,307,619
SVC-1004,CMP-2044,2026-02,266,529
SVC-1004,CMP-2044,2026-03,341,755
SVC-1004,CMP-2044,2026-04,196,407
SVC-1004,CMP-2044,2026-05,70,146
SVC-1004,CMP-2044,2026-06,90,198
SVC-1004,CMP-2059,2026-01,146,139
SVC-1004,CMP-2059,2026-02,175,167
SVC-1004,CMP-2059,2026-03,120,107
SVC-1004,CMP-2059,2026-04,322,280
SVC-1004,CMP-2059,2026-05,41,38
SVC-1004,CMP-2059,2026-06,392,371
SVC-1004,CMP-2043,2026-01,189,544
SVC-1004,CMP-2043,2026-02,187,601
SVC-1004,CMP-2043,2026-03,399,1314
SVC-1004,CMP-2043,2026-04,76,244
SVC-1004,CMP-2043,2026-05,175,570
SVC-1004,CMP-2043,2026-06,360,1137
SVC-1004,CMP-2041,2026-01,141,149
SVC-1004,CMP-2041,2026-02,318,325
SVC-1004,CMP-2041,2026-03,116,132
SVC-1004,CMP-2041,2026-04,112,112
SVC-1004,CMP-2041,2026-05,124,139
SVC-1004,CMP-2041,2026-06,344,382
SVC-1004,CMP-2004,2026-01,331,376
SVC-1004,CMP-2004,2026-02,264,264
SVC-1004,CMP-2004,2026-03,392,404
SVC-1004,CMP-2004,2026-04,246,280
SVC-1004,CMP-2004,2026-05,296,317
SVC-1004,CMP-2004,2026-06,264,262
SVC-1005,CMP-2017,2026-01,60,66
SVC-1005,CMP-2017,2026-02,205,215
SVC-1005,CMP-2017,2026-03,53,51
SVC-1005,CMP-2017,2026-04,385,418
SVC-1005,CMP-2017,2026-05,334,349
SVC-1005,CMP-2017,2026-06,50,56
SVC-1005,CMP-2004,2026-01,384,1201
SVC-1005,CMP-2004,2026-02,335,923
SVC-1005,CMP-2004,2026-03,129,382
SVC-1005,CMP-2004,2026-04,373,1099
SVC-1005,CMP-2004,2026-05,182,514
SVC-1005,CMP-2004,2026-06,339,998
SVC-1005,CMP-2013,2026-01,291,328
SVC-1005,CMP-2013,2026-02,280,287
SVC-1005,CMP-2013,2026-03,210,214
SVC-1005,CMP-2013,2026-04,93,103
SVC-1005,CMP-2013,2026-05,208,215
SVC-1005,CMP-2013,2026-06,293,297
SVC-1005,CMP-2036,2026-01,245,785
SVC-1005,CMP-2036,2026-02,321,907
SVC-1005,CMP-2036,2026-03,85,252
SVC-1005,CMP-2036,2026-04,205,587
SVC-1005,CMP-2036,2026-05,246,794
SVC-1005,CMP-2036,2026-06,40,125
SVC-1005,CMP-2045,2026-01,317,613
SVC-1005,CMP-2045,2026-02,67,124
SVC-1005,CMP-2045,2026-03,225,446
SVC-1005,CMP-2045,2026-04,295,585
SVC-1005,CMP-2045,2026-05,66,122
SVC-1005,CMP-2045,2026-06,321,587
SVC-1005,CMP-2020,2026-01,187,186
SVC-1005,CMP-2020,2026-02,397,397
SVC-1005,CMP-2020,2026-03,54,58
SVC-1005,CMP-2020,2026-04,351,369
SVC-1005,CMP-2020,2026-05,121,118
SVC-1005,CMP-2020,2026-06,47,47
SVC-1006,CMP-2055,2026-01,87,233
SVC-1006,CMP-2055,2026-02,98,272
SVC-1006,CMP-2055,2026-03,100,286
SVC-1006,CMP-2055,2026-04,118,330
SVC-1006,CMP-2055,2026-05,189,529
SVC-1006,CMP-2055,2026-06,179,494
SVC-1006,CMP-2007,2026-01,287,564
SVC-1006,CMP-2007,2026-02,164,297
SVC-1006,CMP-2007,2026-03,114,204
SVC-1006,CMP-2007,2026-04,346,632
SVC-1006,CMP-2007,2026-05,109,211
SVC-1006,CMP-2007,2026-06,181,345
SVC-1006,CMP-2009,2026-01,252,494
SVC-1006,CMP-2009,2026-02,299,579
SVC-1006,CMP-2009,2026-03,41,80
SVC-1006,CMP-2009,2026-04,192,407
SVC-1006,CMP-2009,2026-05,336,730
SVC-1006,CMP-2009,2026-06,290,618
SVC-1007,CMP-2043,2026-01,268,871
SVC-1007,CMP-2043,2026-02,216,679
SVC-1007,CMP-2043,2026-03,318,1007
SVC-1007,CMP-2043,2026-04,204,698
SVC-1007,CMP-2043,2026-05,397,1229
SVC-1007,CMP-2043,2026-06,236,730
SVC-1007,CMP-2046,2026-01,250,953
SVC-1007,CMP-2046,2026-02,282,1198
SVC-1007,CMP-2046,2026-03,235,949
SVC-1007,CMP-2046,2026-04,379,1632
SVC-1007,CMP-2046,2026-05,373,1652
SVC-1007,CMP-2046,2026-06,293,1295
SVC-1007,CMP-2007,2026-01,104,194
SVC-1007,CMP-2007,2026-02,342,620
SVC-1007,CMP-2007,2026-03,91,180
SVC-1007,CMP-2007,2026-04,265,462
SVC-1007,CMP-2007,2026-05,273,469
SVC-1007,CMP-2007,2026-06,113,207
SVC-1008,CMP-2032,2026-01,375,1653
SVC-1008,CMP-2032,2026-02,78,318
SVC-1008,CMP-2032,2026-03,175,699
SVC-1008,CMP-2032,2026-04,394,1589
SVC-1008,CMP-2032,2026-05,81,351
SVC-1008,CMP-2032,2026-06,385,1669
SVC-1008,CMP-2048,2026-01,234,513
SVC-1008,CMP-2048,2026-02,360,762
SVC-1008,CMP-2048,2026-03,289,626
SVC-1008,CMP-2048,2026-04,58,121
SVC-1008,CMP-2048,2026-05,160,334
SVC-1008,CMP-2048,2026-06,187,413
SVC-1008,CMP-2011,2026-01,86,317
SVC-1008,CMP-2011,2026-02,90,350
SVC-1008,CMP-2011,2026-03,400,1581
SVC-1008,CMP-2011,2026-04,267,942
SVC-1008,CMP-2011,2026-05,193,766
SVC-1008,CMP-2011,2026-06,63,228
SVC-1008,CMP-2058,2026-01,68,142
SVC-1008,CMP-2058,2026-02,231,495
SVC-1008,CMP-2058,2026-03,165,359
SVC-1008,CMP-2058,2026-04,329,734
SVC-1008,CMP-2058,2026-05,132,271
SVC-1008,CMP-2058,2026-06,80,176
SVC-1008,CMP-2006,2026-01,235,433
SVC-1008,CMP-2006,2026-02,163,295
SVC-1008,CMP-2006,2026-03,338,576
SVC-1008,CMP-2006,2026-04,276,510
SVC-1008,CMP-2006,2026-05,275,478
SVC-1008,CMP-2006,2026-06,44,85
SVC-1009,CMP-2015,2026-01,278,309
SVC-1009,CMP-2015,2026-02,386,407
SVC-1009,CMP-2015,2026-03,77,80
SVC-1009,CMP-2015,2026-04,216,244
SVC-1009,CMP-2015,2026-05,193,206
SVC-1009,CMP-2015,2026-06,257,277
SVC-1009,CMP-2003,2026-01,273,1160
SVC-1009,CMP-2003,2026-02,141,613
SVC-1009,CMP-2003,2026-03,287,1083
SVC-1009,CMP-2003,2026-04,235,957
SVC-1009,CMP-2003,2026-05,334,1301
SVC-1009,CMP-2003,2026-06,398,1550
SVC-1009,CMP-2056,2026-01,377,1107
SVC-1009,CMP-2056,2026-02,44,133
SVC-1009,CMP-2056,2026-03,391,1219
SVC-1009,CMP-2056,2026-04,65,207
SVC-1009,CMP-2056,2026-05,294,924
SVC-1009,CMP-2056,2026-06,186,580
SVC-1009,CMP-2036,2026-01,157,161
SVC-1009,CMP-2036,2026-02,220,211
SVC-1009,CMP-2036,2026-03,137,140
SVC-1009,CMP-2036,2026-04,387,405
SVC-1009,CMP-2036,2026-05,377,390
SVC-1009,CMP-2036,2026-06,110,113
SVC-1009,CMP-2005,2026-01,361,401
SVC-1009,CMP-2005,2026-02,198,225
SVC-1009,CMP-2005,2026-03,57,63
SVC-1009,CMP-2005,2026-04,107,109
SVC-1009,CMP-2005,2026-05,191,202
SVC-1009,CMP-2005,2026-06,252,259
SVC-1010,CMP-2045,2026-01,107,327
SVC-1010,CMP-2045,2026-02,227,667
SVC-1010,CMP-2045,2026-03,179,551
SVC-1010,CMP-2045,2026-04,171,533
SVC-1010,CMP-2045,2026-05,286,899
SVC-1010,CMP-2045,2026-06,191,581
SVC-1010,CMP-2019,2026-01,213,413
SVC-1010,CMP-2019,2026-02,279,554
SVC-1010,CMP-2019,2026-03,112,215
SVC-1010,CMP-2019,2026-04,155,303
SVC-1010,CMP-2019,2026-05,385,766
SVC-1010,CMP-2019,2026-06,325,588
SVC-1010,CMP-2025,2026-01,242,202
SVC-1010,CMP-2025,2026-02,314,267
SVC-1010,CMP-2025,2026-03,228,212
SVC-1010,CMP-2025,2026-04,384,334
SVC-1010,CMP-2025,2026-05,235,223
SVC-1010,CMP-2025,2026-06,230,195
SVC-1010,CMP-2042,2026-01,159,299
SVC-1010,CMP-2042,2026-02,357,715
SVC-1010,CMP-2042,2026-03,327,600
SVC-1010,CMP-2042,2026-04,352,635
SVC-1010,CMP-2042,2026-05,72,139
SVC-1010,CMP-2042,2026-06,277,557
SVC-1011,CMP-2014,2026-01,194,213
SVC-1011,CMP-2014,2026-02,99,100
SVC-1011,CMP-2014,2026-03,59,61
SVC-1011,CMP-2014,2026-04,292,294
SVC-1011,CMP-2014,2026-05,160,182
SVC-1011,CMP-2014,2026-06,109,115
SVC-1011,CMP-2004,2026-01,229,225
SVC-1011,CMP-2004,2026-02,396,406
SVC-1011,CMP-2004,2026-03,254,246
SVC-1011,CMP-2004,2026-04,119,121
SVC-1011,CMP-2004,2026-05,375,335
SVC-1011,CMP-2004,2026-06,290,282
SVC-1011,CMP-2057,2026-01,183,314
SVC-1011,CMP-2057,2026-02,229,405
SVC-1011,CMP-2057,2026-03,267,530
SVC-1011,CMP-2057,2026-04,225,390
SVC-1011,CMP-2057,2026-05,391,709
SVC-1011,CMP-2057,2026-06,370,670
SVC-1012,CMP-2015,2026-01,243,215
SVC-1012,CMP-2015,2026-02,102,100
SVC-1012,CMP-2015,2026-03,272,234
SVC-1012,CMP-2015,2026-04,148,139
SVC-1012,CMP-2015,2026-05,345,341
SVC-1012,CMP-2015,2026-06,65,62
SVC-1012,CMP-2050,2026-01,164,347
SVC-1012,CMP-2050,2026-02,329,616
SVC-1012,CMP-2050,2026-03,323,605
SVC-1012,CMP-2050,2026-04,150,309
SVC-1012,CMP-2050,2026-05,159,304
SVC-1012,CMP-2050,2026-06,115,236
SVC-1012,CMP-2030,2026-01,345,329
SVC-1012,CMP-2030,2026-02,114,127
SVC-1012,CMP-2030,2026-03,316,314
SVC-1012,CMP-2030,2026-04,129,125
SVC-1012,CMP-2030,2026-05,53,52
SVC-1012,CMP-2030,2026-06,223,242
SVC-1012,CMP-2051,2026-01,161,149
SVC-1012,CMP-2051,2026-02,48,41
SVC-1012,CMP-2051,2026-03,66,57
SVC-1012,CMP-2051,2026-04,255,234
SVC-1012,CMP-2051,2026-05,72,65
SVC-1012,CMP-2051,2026-06,225,206
SVC-1012,CMP-2026,2026-01,95,404
SVC-1012,CMP-2026,2026-02,153,703
SVC-1012,CMP-2026,2026-03,62,276
SVC-1012,CMP-2026,2026-04,377,1623
SVC-1012,CMP-2026,2026-05,274,1202
SVC-1012,CMP-2026,2026-06,55,219
SVC-1012,CMP-2012,2026-01,285,303
SVC-1012,CMP-2012,2026-02,258,268
SVC-1012,CMP-2012,2026-03,291,303
SVC-1012,CMP-2012,2026-04,267,251
SVC-1012,CMP-2012,2026-05,81,79
SVC-1012,CMP-2012,2026-06,115,108
SVC-1013,CMP-2017,2026-01,180,182
SVC-1013,CMP-2017,2026-02,339,338
SVC-1013,CMP-2017,2026-03,206,200
SVC-1013,CMP-2017,2026-04,345,343
SVC-1013,CMP-2017,2026-05,272,269
SVC-1013,CMP-2017,2026-06,260,241
SVC-1013,CMP-2029,2026-01,399,688
SVC-1013,CMP-2029,2026-02,375,706
SVC-1013,CMP-2029,2026-03,322,613
SVC-1013,CMP-2029,2026-04,150,273
SVC-1013,CMP-2029,2026-05,156,283
SVC-1013,CMP-2029,2026-06,272,492
SVC-1013,CMP-2015,2026-01,88,182
SVC-1013,CMP-2015,2026-02,200,438
SVC-1013,CMP-2015,2026-03,231,529
SVC-1013,CMP-2015,2026-04,391,891
SVC-1013,CMP-2015,2026-05,74,148
SVC-1013,CMP-2015,2026-06,83,166
SVC-1013,CMP-2055,2026-01,89,396
SVC-1013,CMP-2055,2026-02,230,1033
SVC-1013,CMP-2055,2026-03,324,1289
SVC-1013,CMP-2055,2026-04,327,1413
SVC-1013,CMP-2055,2026-05,383,1540
SVC-1013,CMP-2055,2026-06,221,1002
SVC-1014,CMP-2030,2026-01,256,488
SVC-1014,CMP-2030,2026-02,66,128
SVC-1014,CMP-2030,2026-03,347,606
SVC-1014,CMP-2030,2026-04,93,170
SVC-1014,CMP-2030,2026-05,148,252
SVC-1014,CMP-2030,2026-06,286,492
SVC-1014,CMP-2013,2026-01,95,392
SVC-1014,CMP-2013,2026-02,324,1341
SVC-1014,CMP-2013,2026-03,182,779
SVC-1014,CMP-2013,2026-04,259,1156
SVC-1014,CMP-2013,2026-05,358,1541
SVC-1014,CMP-2013,2026-06,369,1574
SVC-1014,CMP-2055,2026-01,351,1228
SVC-1014,CMP-2055,2026-02,395,1245
SVC-1014,CMP-2055,2026-03,132,416
SVC-1014,CMP-2055,2026-04,198,692
SVC-1014,CMP-2055,2026-05,219,660
SVC-1014,CMP-2055,2026-06,113,374
SVC-1014,CMP-2025,2026-01,245,471
SVC-1014,CMP-2025,2026-02,364,808
SVC-1014,CMP-2025,2026-03,86,185
SVC-1014,CMP-2025,2026-04,150,304
SVC-1014,CMP-2025,2026-05,272,547
SVC-1014,CMP-2025,2026-06,229,459
SVC-1014,CMP-2003,2026-01,206,206
SVC-1014,CMP-2003,2026-02,330,321
SVC-1014,CMP-2003,2026-03,66,60
SVC-1014,CMP-2003,2026-04,356,317
SVC-1014,CMP-2003,2026-05,81,75
SVC-1014,CMP-2003,2026-06,378,358
SVC-1014,CMP-2010,2026-01,350,726
SVC-1014,CMP-2010,2026-02,179,358
SVC-1014,CMP-2010,2026-03,302,593
SVC-1014,CMP-2010,2026-04,260,511
SVC-1014,CMP-2010,2026-05,387,834
SVC-1014,CMP-2010,2026-06,289,608
SVC-1015,CMP-2003,2026-01,197,735
SVC-1015,CMP-2003,2026-02,242,1050
SVC-1015,CMP-2003,2026-03,68,252
SVC-1015,CMP-2003,2026-04,194,836
SVC-1015,CMP-2003,2026-05,110,461
SVC-1015,CMP-2003,2026-06,188,736
SVC-1015,CMP-2037,2026-01,43,79
SVC-1015,CMP-2037,2026-02,260,452
SVC-1015,CMP-2037,2026-03,234,431
SVC-1015,CMP-2037,2026-04,157,288
SVC-1015,CMP-2037,2026-05,382,734
SVC-1015,CMP-2037,2026-06,76,137
SVC-1015,CMP-2030,2026-01,61,110
SVC-1015,CMP-2030,2026-02,275,536
SVC-1015,CMP-2030,2026-03,200,370
SVC-1015,CMP-2030,2026-04,333,599
SVC-1015,CMP-2030,2026-05,367,662
SVC-1015,CMP-2030,2026-06,98,176
SVC-1015,CMP-2032,2026-01,206,361
SVC-1015,CMP-2032,2026-02,356,654
SVC-1015,CMP-2032,2026-03,393,775
SVC-1015,CMP-2032,2026-04,85,155
SVC-1015,CMP-2032,2026-05,94,167
SVC-1015,CMP-2032,2026-06,341,620
SVC-1015,CMP-2058,2026-01,80,80
SVC-1015,CMP-2058,2026-02,198,209
SVC-1015,CMP-2058,2026-03,153,151
SVC-1015,CMP-2058,2026-04,126,119
SVC-1015,CMP-2058,2026-05,364,347
SVC-1015,CMP-2058,2026-06,301,291
SVC-1016,CMP-2026,2026-01,218,428
SVC-1016,CMP-2026,2026-02,370,781
SVC-1016,CMP-2026,2026-03,160,301
SVC-1016,CMP-2026,2026-04,171,327
SVC-1016,CMP-2026,2026-05,348,660
SVC-1016,CMP-2026,2026-06,375,702
SVC-1016,CMP-2042,2026-01,361,373
SVC-1016,CMP-2042,2026-02,328,353
SVC-1016,CMP-2042,2026-03,269,286
SVC-1016,CMP-2042,2026-04,329,348
SVC-1016,CMP-2042,2026-05,359,361
SVC-1016,CMP-2042,2026-06,361,362
SVC-1016,CMP-2037,2026-01,265,242
SVC-1016,CMP-2037,2026-02,266,266
SVC-1016,CMP-2037,2026-03,180,179
SVC-1016,CMP-2037,2026-04,220,216
SVC-1016,CMP-2037,2026-05,198,193
SVC-1016,CMP-2037,2026-06,59,54
SVC-1017,CMP-2029,2026-01,186,172
SVC-1017,CMP-2029,2026-02,86,87
SVC-1017,CMP-2029,2026-03,299,291
SVC-1017,CMP-2029,2026-04,337,337
SVC-1017,CMP-2029,2026-05,61,60
SVC-1017,CMP-2029,2026-06,332,337
SVC-1017,CMP-2020,2026-01,204,190
SVC-1017,CMP-2020,2026-02,296,256
SVC-1017,CMP-2020,2026-03,71,64
SVC-1017,CMP-2020,2026-04,215,212
SVC-1017,CMP-2020,2026-05,83,76
SVC-1017,CMP-2020,2026-06,128,108
SVC-1017,CMP-2059,2026-01,264,264
SVC-1017,CMP-2059,2026-02,308,286
SVC-1017,CMP-2059,2026-03,121,110
SVC-1017,CMP-2059,2026-04,184,167
SVC-1017,CMP-2059,2026-05,213,203
SVC-1017,CMP-2059,2026-06,66,64
SVC-1017,CMP-2048,2026-01,371,389
SVC-1017,CMP-2048,2026-02,208,209
SVC-1017,CMP-2048,2026-03,387,409
SVC-1017,CMP-2048,2026-04,169,188
SVC-1017,CMP-2048,2026-05,376,435
SVC-1017,CMP-2048,2026-06,348,397
SVC-1017,CMP-2004,2026-01,210,194
SVC-1017,CMP-2004,2026-02,379,353
SVC-1017,CMP-2004,2026-03,219,210
SVC-1017,CMP-2004,2026-04,375,382
SVC-1017,CMP-2004,2026-05,240,223
SVC-1017,CMP-2004,2026-06,83,80
SVC-1018,CMP-2039,2026-01,232,757
SVC-1018,CMP-2039,2026-02,208,697
SVC-1018,CMP-2039,2026-03,383,1261
SVC-1018,CMP-2039,2026-04,390,1326
SVC-1018,CMP-2039,2026-05,87,284
SVC-1018,CMP-2039,2026-06,256,818
SVC-1018,CMP-2051,2026-01,49,132
SVC-1018,CMP-2051,2026-02,132,391
SVC-1018,CMP-2051,2026-03,214,633
SVC-1018,CMP-2051,2026-04,288,756
SVC-1018,CMP-2051,2026-05,110,287
SVC-1018,CMP-2051,2026-06,191,557
SVC-1018,CMP-2041,2026-01,91,84
SVC-1018,CMP-2041,2026-02,316,307
SVC-1018,CMP-2041,2026-03,309,264
SVC-1018,CMP-2041,2026-04,212,207
SVC-1018,CMP-2041,2026-05,356,309
SVC-1018,CMP-2041,2026-06,232,202
SVC-1018,CMP-2033,2026-01,132,259
SVC-1018,CMP-2033,2026-02,359,702
SVC-1018,CMP-2033,2026-03,124,239
SVC-1018,CMP-2033,2026-04,62,114
SVC-1018,CMP-2033,2026-05,386,744
SVC-1018,CMP-2033,2026-06,267,506
SVC-1018,CMP-2000,2026-01,269,269
SVC-1018,CMP-2000,2026-02,162,164
SVC-1018,CMP-2000,2026-03,280,311
SVC-1018,CMP-2000,2026-04,139,142
SVC-1018,CMP-2000,2026-05,332,373
SVC-1018,CMP-2000,2026-06,276,301
SVC-1019,CMP-2032,2026-01,235,856
SVC-1019,CMP-2032,2026-02,254,994
SVC-1019,CMP-2032,2026-03,142,542
SVC-1019,CMP-2032,2026-04,110,424
SVC-1019,CMP-2032,2026-05,66,246
SVC-1019,CMP-2032,2026-06,230,845
SVC-1019,CMP-2031,2026-01,92,363
SVC-1019,CMP-2031,2026-02,304,1227
SVC-1019,CMP-2031,2026-03,185,660
SVC-1019,CMP-2031,2026-04,122,449
SVC-1019,CMP-2031,2026-05,302,1089
SVC-1019,CMP-2031,2026-06,263,939
SVC-1019,CMP-2016,2026-01,153,596
SVC-1019,CMP-2016,2026-02,218,863
SVC-1019,CMP-2016,2026-03,252,867
SVC-1019,CMP-2016,2026-04,297,1078
SVC-1019,CMP-2016,2026-05,237,948
SVC-1019,CMP-2016,2026-06,231,818
SVC-1019,CMP-2057,2026-01,203,227
SVC-1019,CMP-2057,2026-02,372,380
SVC-1019,CMP-2057,2026-03,114,113
SVC-1019,CMP-2057,2026-04,186,208
SVC-1019,CMP-2057,2026-05,281,304
SVC-1019,CMP-2057,2026-06,111,121
SVC-1019,CMP-2058,2026-01,280,562
SVC-1019,CMP-2058,2026-02,42,91
SVC-1019,CMP-2058,2026-03,49,95
SVC-1019,CMP-2058,2026-04,116,237
SVC-1019,CMP-2058,2026-05,351,714
SVC-1019,CMP-2058,2026-06,96,203
SVC-1020,CMP-2034,2026-01,161,315
SVC-1020,CMP-2034,2026-02,64,124
SVC-1020,CMP-2034,2026-03,367,777
SVC-1020,CMP-2034,2026-04,274,515
SVC-1020,CMP-2034,2026-05,295,605
SVC-1020,CMP-2034,2026-06,48,99
SVC-1020,CMP-2002,2026-01,334,308
SVC-1020,CMP-2002,2026-02,113,105
SVC-1020,CMP-2002,2026-03,40,39
SVC-1020,CMP-2002,2026-04,163,159
SVC-1020,CMP-2002,2026-05,135,133
SVC-1020,CMP-2002,2026-06,83,80
SVC-1020,CMP-2053,2026-01,224,913
SVC-1020,CMP-2053,2026-02,309,1362
SVC-1020,CMP-2053,2026-03,299,1320
SVC-1020,CMP-2053,2026-04,239,1109
SVC-1020,CMP-2053,2026-05,62,277
SVC-1020,CMP-2053,2026-06,231,971
SVC-1020,CMP-2023,2026-01,48,44
SVC-1020,CMP-2023,2026-02,74,68
SVC-1020,CMP-2023,2026-03,376,361
SVC-1020,CMP-2023,2026-04,337,329
SVC-1020,CMP-2023,2026-05,210,186
SVC-1020,CMP-2023,2026-06,220,209
SVC-1021,CMP-2022,2026-01,369,1373
SVC-1021,CMP-2022,2026-02,390,1522
SVC-1021,CMP-2022,2026-03,396,1549
SVC-1021,CMP-2022,2026-04,133,548
SVC-1021,CMP-2022,2026-05,72,292
SVC-1021,CMP-2022,2026-06,274,996
SVC-1021,CMP-2049,2026-01,143,144
SVC-1021,CMP-2049,2026-02,142,164
SVC-1021,CMP-2049,2026-03,201,233
SVC-1021,CMP-2049,2026-04,303,323
SVC-1021,CMP-2049,2026-05,318,344
SVC-1021,CMP-2049,2026-06,58,65
SVC-1021,CMP-2035,2026-01,137,145
SVC-1021,CMP-2035,2026-02,64,74
SVC-1021,CMP-2035,2026-03,209,221
SVC-1021,CMP-2035,2026-04,228,247
SVC-1021,CMP-2035,2026-05,244,278
SVC-1021,CMP-2035,2026-06,237,253
SVC-1022,CMP-2001,2026-01,135,558
SVC-1022,CMP-2001,2026-02,294,1190
SVC-1022,CMP-2001,2026-03,305,1214
SVC-1022,CMP-2001,2026-04,82,351
SVC-1022,CMP-2001,2026-05,80,327
SVC-1022,CMP-2001,2026-06,132,550
SVC-1022,CMP-2011,2026-01,204,182
SVC-1022,CMP-2011,2026-02,207,202
SVC-1022,CMP-2011,2026-03,196,185
SVC-1022,CMP-2011,2026-04,258,233
SVC-1022,CMP-2011,2026-05,267,248
SVC-1022,CMP-2011,2026-06,61,60
SVC-1022,CMP-2047,2026-01,220,219
SVC-1022,CMP-2047,2026-02,262,247
SVC-1022,CMP-2047,2026-03,69,63
SVC-1022,CMP-2047,2026-04,366,352
SVC-1022,CMP-2047,2026-05,302,309
SVC-1022,CMP-2047,2026-06,387,358
SVC-1022,CMP-2021,2026-01,55,98
SVC-1022,CMP-2021,2026-02,351,682
SVC-1022,CMP-2021,2026-03,264,462
SVC-1022,CMP-2021,2026-04,74,134
SVC-1022,CMP-2021,2026-05,370,684
SVC-1022,CMP-2021,2026-06,236,478
SVC-1022,CMP-2050,2026-01,56,110
SVC-1022,CMP-2050,2026-02,387,745
SVC-1022,CMP-2050,2026-03,229,435
SVC-1022,CMP-2050,2026-04,79,155
SVC-1022,CMP-2050,2026-05,311,590
SVC-1022,CMP-2050,2026-06,200,397
SVC-1022,CMP-2026,2026-01,167,678
SVC-1022,CMP-2026,2026-02,53,208
SVC-1022,CMP-2026,2026-03,295,1119
SVC-1022,CMP-2026,2026-04,327,1161
SVC-1022,CMP-2026,2026-05,173,676
SVC-1022,CMP-2026,2026-06,149,608
SVC-1023,CMP-2025,2026-01,186,210
SVC-1023,CMP-2025,2026-02,291,303
SVC-1023,CMP-2025,2026-03,109,126
SVC-1023,CMP-2025,2026-04,271,281
SVC-1023,CMP-2025,2026-05,267,315
SVC-1023,CMP-2025,2026-06,389,457
SVC-1023,CMP-2021,2026-01,203,627
SVC-1023,CMP-2021,2026-02,73,221
SVC-1023,CMP-2021,2026-03,188,601
SVC-1023,CMP-2021,2026-04,120,373
SVC-1023,CMP-2021,2026-05,398,1223
SVC-1023,CMP-2021,2026-06,225,677
SVC-1023,CMP-2017,2026-01,102,443
SVC-1023,CMP-2017,2026-02,111,428
SVC-1023,CMP-2017,2026-03,292,1087
SVC-1023,CMP-2017,2026-04,323,1316
SVC-1023,CMP-2017,2026-05,279,1179
SVC-1023,CMP-2017,2026-06,322,1220
SVC-1023,CMP-2055,2026-01,84,84
SVC-1023,CMP-2055,2026-02,243,282
SVC-1023,CMP-2055,2026-03,285,308
SVC-1023,CMP-2055,2026-04,249,282
SVC-1023,CMP-2055,2026-05,77,78
SVC-1023,CMP-2055,2026-06,202,222
SVC-1024,CMP-2002,2026-01,270,852
SVC-1024,CMP-2002,2026-02,304,940
SVC-1024,CMP-2002,2026-03,322,1044
SVC-1024,CMP-2002,2026-04,133,440
SVC-1024,CMP-2002,2026-05,106,333
SVC-1024,CMP-2002,2026-06,68,227
SVC-1024,CMP-2006,2026-01,305,532
SVC-1024,CMP-2006,2026-02,124,217
SVC-1024,CMP-2006,2026-03,155,279
SVC-1024,CMP-2006,2026-04,305,599
SVC-1024,CMP-2006,2026-05,80,142
SVC-1024,CMP-2006,2026-06,365,723
SVC-1024,CMP-2038,2026-01,180,161
SVC-1024,CMP-2038,2026-02,195,189
SVC-1024,CMP-2038,2026-03,87,83
SVC-1024,CMP-2038,2026-04,126,122
SVC-1024,CMP-2038,2026-05,337,303
SVC-1024,CMP-2038,2026-06,377,366
SVC-1024,CMP-2027,2026-01,349,341
SVC-1024,CMP-2027,2026-02,328,305
SVC-1024,CMP-2027,2026-03,54,51
SVC-1024,CMP-2027,2026-04,368,385
SVC-1024,CMP-2027,2026-05,175,180
SVC-1024,CMP-2027,2026-06,332,329
SVC-1024,CMP-2022,2026-01,367,1063
SVC-1024,CMP-2022,2026-02,361,1139
SVC-1024,CMP-2022,2026-03,368,1237
SVC-1024,CMP-2022,2026-04,287,862
SVC-1024,CMP-2022,2026-05,390,1203
SVC-1024,CMP-2022,2026-06,272,794
SVC-1025,CMP-2023,2026-01,70,68
SVC-1025,CMP-2023,2026-02,252,258
SVC-1025,CMP-2023,2026-03,144,144
SVC-1025,CMP-2023,2026-04,113,112
SVC-1025,CMP-2023,2026-05,203,216
SVC-1025,CMP-2023,2026-06,216,238
SVC-1025,CMP-2027,2026-01,106,115
SVC-1025,CMP-2027,2026-02,303,319
SVC-1025,CMP-2027,2026-03,203,203
SVC-1025,CMP-2027,2026-04,102,103
SVC-1025,CMP-2027,2026-05,166,163
SVC-1025,CMP-2027,2026-06,65,66
SVC-1025,CMP-2004,2026-01,236,258
SVC-1025,CMP-2004,2026-02,254,252
SVC-1025,CMP-2004,2026-03,121,131
SVC-1025,CMP-2004,2026-04,335,358
SVC-1025,CMP-2004,2026-05,137,147
SVC-1025,CMP-2004,2026-06,295,329
SVC-1025,CMP-2042,2026-01,279,803
SVC-1025,CMP-2042,2026-02,197,567
SVC-1025,CMP-2042,2026-03,86,265
SVC-1025,CMP-2042,2026-04,298,851
SVC-1025,CMP-2042,2026-05,163,448
SVC-1025,CMP-2042,2026-06,220,587
SVC-1026,CMP-2042,2026-01,184,353
SVC-1026,CMP-2042,2026-02,374,738
SVC-1026,CMP-2042,2026-03,186,359
SVC-1026,CMP-2042,2026-04,95,180
SVC-1026,CMP-2042,2026-05,175,348
SVC-1026,CMP-2042,2026-06,246,462
SVC-1026,CMP-2024,2026-01,245,219
SVC-1026,CMP-2024,2026-02,327,299
SVC-1026,CMP-2024,2026-03,323,300
SVC-1026,CMP-2024,2026-04,237,228
SVC-1026,CMP-2024,2026-05,321,298
SVC-1026,CMP-2024,2026-06,359,355
SVC-1026,CMP-2043,2026-01,100,382
SVC-1026,CMP-2043,2026-02,89,356
SVC-1026,CMP-2043,2026-03,213,874
SVC-1026,CMP-2043,2026-04,227,960
SVC-1026,CMP-2043,2026-05,141,582
SVC-1026,CMP-2043,2026-06,245,996
SVC-1026,CMP-2047,2026-01,63,115
SVC-1026,CMP-2047,2026-02,210,435
SVC-1026,CMP-2047,2026-03,305,599
SVC-1026,CMP-2047,2026-04,350,735
SVC-1026,CMP-2047,2026-05,111,213
SVC-1026,CMP-2047,2026-06,353,678
SVC-1026,CMP-2011,2026-01,241,517
SVC-1026,CMP-2011,2026-02,193,390
SVC-1026,CMP-2011,2026-03,299,626
SVC-1026,CMP-2011,2026-04,312,620
SVC-1026,CMP-2011,2026-05,328,631
SVC-1026,CMP-2011,2026-06,48,93
SVC-1026,CMP-2039,2026-01,384,1508
SVC-1026,CMP-2039,2026-02,253,1074
SVC-1026,CMP-2039,2026-03,392,1676
SVC-1026,CMP-2039,2026-04,345,1439
SVC-1026,CMP-2039,2026-05,375,1642
SVC-1026,CMP-2039,2026-06,336,1425
SVC-1027,CMP-2032,2026-01,66,71
SVC-1027,CMP-2032,2026-02,127,136
SVC-1027,CMP-2032,2026-03,357,397
SVC-1027,CMP-2032,2026-04,234,235
SVC-1027,CMP-2032,2026-05,388,396
SVC-1027,CMP-2032,2026-06,333,380
SVC-1027,CMP-2042,2026-01,96,263
SVC-1027,CMP-2042,2026-02,265,742
SVC-1027,CMP-2042,2026-03,117,333
SVC-1027,CMP-2042,2026-04,144,410
SVC-1027,CMP-2042,2026-05,353,1087
SVC-1027,CMP-2042,2026-06,71,212
SVC-1027,CMP-2040,2026-01,305,263
SVC-1027,CMP-2040,2026-02,206,201
SVC-1027,CMP-2040,2026-03,284,258
SVC-1027,CMP-2040,2026-04,200,194
SVC-1027,CMP-2040,2026-05,275,265
SVC-1027,CMP-2040,2026-06,215,196
SVC-1027,CMP-2039,2026-01,386,824
SVC-1027,CMP-2039,2026-02,388,812
SVC-1027,CMP-2039,2026-03,394,775
SVC-1027,CMP-2039,2026-04,287,558
SVC-1027,CMP-2039,2026-05,166,327
SVC-1027,CMP-2039,2026-06,192,375
SVC-1027,CMP-2021,2026-01,192,394
SVC-1027,CMP-2021,2026-02,400,750
SVC-1027,CMP-2021,2026-03,400,785
SVC-1027,CMP-2021,2026-04,285,547
SVC-1027,CMP-2021,2026-05,180,342
SVC-1027,CMP-2021,2026-06,333,673
SVC-1028,CMP-2045,2026-01,234,472
SVC-1028,CMP-2045,2026-02,242,483
SVC-1028,CMP-2045,2026-03,114,209
SVC-1028,CMP-2045,2026-04,187,381
SVC-1028,CMP-2045,2026-05,80,148
SVC-1028,CMP-2045,2026-06,266,517
SVC-1028,CMP-2044,2026-01,285,293
SVC-1028,CMP-2044,2026-02,315,327
SVC-1028,CMP-2044,2026-03,327,364
SVC-1028,CMP-2044,2026-04,110,111
SVC-1028,CMP-2044,2026-05,340,352
SVC-1028,CMP-2044,2026-06,65,72
SVC-1028,CMP-2024,2026-01,311,314
SVC-1028,CMP-2024,2026-02,159,156
SVC-1028,CMP-2024,2026-03,251,258
SVC-1028,CMP-2024,2026-04,281,278
SVC-1028,CMP-2024,2026-05,110,107
SVC-1028,CMP-2024,2026-06,321,365
SVC-1028,CMP-2031,2026-01,120,516
SVC-1028,CMP-2031,2026-02,283,1231
SVC-1028,CMP-2031,2026-03,142,645
SVC-1028,CMP-2031,2026-04,187,793
SVC-1028,CMP-2031,2026-05,370,1501
SVC-1028,CMP-2031,2026-06,85,380
SVC-1029,CMP-2035,2026-01,158,587
SVC-1029,CMP-2035,2026-02,59,233
SVC-1029,CMP-2035,2026-03,129,471
SVC-1029,CMP-2035,2026-04,130,514
SVC-1029,CMP-2035,2026-05,58,231
SVC-1029,CMP-2035,2026-06,243,940
SVC-1029,CMP-2015,2026-01,135,299
SVC-1029,CMP-2015,2026-02,188,412
SVC-1029,CMP-2015,2026-03,44,88
SVC-1029,CMP-2015,2026-04,348,674
SVC-1029,CMP-2015,2026-05,211,421
SVC-1029,CMP-2015,2026-06,368,766
SVC-1029,CMP-2058,2026-01,292,598
SVC-1029,CMP-2058,2026-02,108,220
SVC-1029,CMP-2058,2026-03,279,518
SVC-1029,CMP-2058,2026-04,97,182
SVC-1029,CMP-2058,2026-05,274,541
SVC-1029,CMP-2058,2026-06,135,240
