part,issue,as_is,correct,note
CHG-KR,OPTION_CODE,KR+1PH|KR+3PH,KR+1PH,remove KR+3PH
CHG-AU,OPTION_CODE,AU+1PH|AU+3PH,AU+3PH,remove AU+1PH
CHG-US,OPTION_CODE,US+1PH|US+3PH,US+1PH,remove US+3PH
GEN-3006,YIELD,0.13,0.03,over
GEN-3002,YIELD,0.15,0.07,over
GEN-3029,YIELD,0.19,0.07,over
GEN-3014,YIELD,0.12,0.04,over
GEN-3005,YIELD,0.13,0.05,over
GEN-3003,YIELD,0.02,0.09,under
GEN-3003,QPV,8,4,true station WS-290
GEN-3010,QPV,3,1,true station WS-290
GEN-3019,QPV,12,6,true station WS-370
GEN-3001,QPV,2,1,true station WS-270
GEN-3024,QPV,16,8,true station WS-220
GEN-3000,QPV,6,2,true station WS-230
