parent_sku,component_sku,description,bom_qpu,unit_cost
SVC-1000,CMP-2001,Component for SVC-1000,0.945,133.62
SVC-1000,CMP-2047,Component for SVC-1000,3.144,99.98
SVC-1000,CMP-2017,Component for SVC-1000,1.969,9.24
SVC-1001,CMP-2014,Component for SVC-1001,1.88,118.38
SVC-1001,CMP-2032,Component for SVC-1001,1.968,83.06
SVC-1001,CMP-2038,Component for SVC-1001,1.062,5.14
SVC-1001,CMP-2001,Component for SVC-1001,3.728,78.38
SVC-1002,CMP-2009,Component for SVC-1002,0.976,67.18
SVC-1002,CMP-2013,Component for SVC-1002,1.021,146.05
SVC-1002,CMP-2048,Component for SVC-1002,4.231,25.97
SVC-1002,CMP-2021,Component for SVC-1002,1.832,55.6
SVC-1002,CMP-2006,Component for SVC-1002,3.071,155.66
SVC-1003,CMP-2045,Component for SVC-1003,1.055,177.4
SVC-1003,CMP-2004,Component for SVC-1003,3.786,21.78
SVC-1003,CMP-2002,Component for SVC-1003,0.991,150.8
SVC-1003,CMP-2042,Component for SVC-1003,0.974,40.87
SVC-1004,CMP-2044,Component for SVC-1004,2.054,98.01
SVC-1004,CMP-2059,Component for SVC-1004,0.933,70.78
SVC-1004,CMP-2043,Component for SVC-1004,3.113,42.65
SVC-1004,CMP-2041,Component for SVC-1004,1.069,140.58
SVC-1004,CMP-2004,Component for SVC-1004,1.064,145.69
SVC-1005,CMP-2017,Component for SVC-1005,1.031,73.63
SVC-1005,CMP-2004,Component for SVC-1005,2.975,50.62
SVC-1005,CMP-2013,Component for SVC-1005,1.049,98.86
SVC-1005,CMP-2036,Component for SVC-1005,3.051,162.02
SVC-1005,CMP-2045,Component for SVC-1005,1.945,179.53
SVC-1005,CMP-2020,Component for SVC-1005,1.002,20.0
SVC-1006,CMP-2055,Component for SVC-1006,2.796,123.76
SVC-1006,CMP-2007,Component for SVC-1006,1.825,71.16
SVC-1006,CMP-2009,Component for SVC-1006,2.012,174.91
SVC-1007,CMP-2043,Component for SVC-1007,5.732,136.15
SVC-1007,CMP-2046,Component for SVC-1007,7.01,23.63
SVC-1007,CMP-2007,Component for SVC-1007,1.863,4.57
SVC-1008,CMP-2032,Component for SVC-1008,2.358,152.13
SVC-1008,CMP-2048,Component for SVC-1008,2.044,30.9
SVC-1008,CMP-2011,Component for SVC-1008,1.96,171.82
SVC-1008,CMP-2058,Component for SVC-1008,2.167,109.41
SVC-1008,CMP-2006,Component for SVC-1008,1.808,167.52
SVC-1009,CMP-2015,Component for SVC-1009,1.046,147.62
SVC-1009,CMP-2003,Component for SVC-1009,4.026,26.13
SVC-1009,CMP-2056,Component for SVC-1009,5.152,100.77
SVC-1009,CMP-2036,Component for SVC-1009,1.006,110.76
SVC-1009,CMP-2005,Component for SVC-1009,1.086,136.93
SVC-1010,CMP-2045,Component for SVC-1010,2.924,162.33
SVC-1010,CMP-2019,Component for SVC-1010,1.848,43.55
SVC-1010,CMP-2025,Component for SVC-1010,0.904,101.49
SVC-1010,CMP-2042,Component for SVC-1010,1.888,16.49
SVC-1011,CMP-2014,Component for SVC-1011,1.072,16.47
SVC-1011,CMP-2004,Component for SVC-1011,0.956,89.43
SVC-1011,CMP-2057,Component for SVC-1011,1.853,168.65
SVC-1012,CMP-2015,Component for SVC-1012,0.919,79.87
SVC-1012,CMP-2050,Component for SVC-1012,1.964,156.04
SVC-1012,CMP-2030,Component for SVC-1012,1.035,177.21
SVC-1012,CMP-2051,Component for SVC-1012,0.912,132.17
SVC-1012,CMP-2026,Component for SVC-1012,4.289,47.76
SVC-1012,CMP-2012,Component for SVC-1012,1.007,28.67
SVC-1013,CMP-2017,Component for SVC-1013,1.696,155.6
SVC-1013,CMP-2029,Component for SVC-1013,3.193,118.78
SVC-1013,CMP-2015,Component for SVC-1013,2.134,174.54
SVC-1013,CMP-2055,Component for SVC-1013,4.279,33.27
SVC-1014,CMP-2030,Component for SVC-1014,1.801,72.71
SVC-1014,CMP-2013,Component for SVC-1014,4.228,54.2
SVC-1014,CMP-2055,Component for SVC-1014,5.464,179.19
SVC-1014,CMP-2025,Component for SVC-1014,2.065,89.65
SVC-1014,CMP-2003,Component for SVC-1014,0.959,174.49
SVC-1014,CMP-2010,Component for SVC-1014,2.094,14.73
SVC-1015,CMP-2003,Component for SVC-1015,7.038,14.01
SVC-1015,CMP-2037,Component for SVC-1015,1.832,36.71
SVC-1015,CMP-2030,Component for SVC-1015,1.827,155.68
SVC-1015,CMP-2032,Component for SVC-1015,1.848,160.69
SVC-1015,CMP-2058,Component for SVC-1015,1.016,10.99
SVC-1016,CMP-2026,Component for SVC-1016,2.009,168.51
SVC-1016,CMP-2042,Component for SVC-1016,1.034,59.3
SVC-1016,CMP-2037,Component for SVC-1016,0.979,122.22
SVC-1017,CMP-2029,Component for SVC-1017,0.992,179.73
SVC-1017,CMP-2020,Component for SVC-1017,0.915,41.52
SVC-1017,CMP-2059,Component for SVC-1017,0.926,65.43
SVC-1017,CMP-2048,Component for SVC-1017,1.076,69.04
SVC-1017,CMP-2004,Component for SVC-1017,0.988,99.61
SVC-1018,CMP-2039,Component for SVC-1018,3.19,56.69
SVC-1018,CMP-2051,Component for SVC-1018,4.76,158.55
SVC-1018,CMP-2041,Component for SVC-1018,1.922,22.84
SVC-1018,CMP-2033,Component for SVC-1018,1.862,53.59
SVC-1018,CMP-2000,Component for SVC-1018,1.044,39.83
SVC-1019,CMP-2032,Component for SVC-1019,3.641,115.63
SVC-1019,CMP-2031,Component for SVC-1019,3.821,4.62
SVC-1019,CMP-2016,Component for SVC-1019,3.705,176.44
SVC-1019,CMP-2057,Component for SVC-1019,1.048,101.1
SVC-1019,CMP-2058,Component for SVC-1019,2.024,23.69
SVC-1020,CMP-2034,Component for SVC-1020,2.021,79.64
SVC-1020,CMP-2002,Component for SVC-1020,0.962,162.22
SVC-1020,CMP-2053,Component for SVC-1020,6.604,11.02
SVC-1020,CMP-2023,Component for SVC-1020,0.942,47.92
SVC-1021,CMP-2022,Component for SVC-1021,3.925,113.24
SVC-1021,CMP-2049,Component for SVC-1021,1.085,45.67
SVC-1021,CMP-2035,Component for SVC-1021,1.095,146.7
SVC-1022,CMP-2001,Component for SVC-1022,8.625,133.37
SVC-1022,CMP-2011,Component for SVC-1022,0.953,142.58
SVC-1022,CMP-2047,Component for SVC-1022,1.795,10.82
SVC-1022,CMP-2021,Component for SVC-1022,2.978,147.72
SVC-1022,CMP-2050,Component for SVC-1022,1.94,148.41
SVC-1022,CMP-2026,Component for SVC-1022,3.782,8.16
SVC-1023,CMP-2025,Component for SVC-1023,1.093,53.13
SVC-1023,CMP-2021,Component for SVC-1023,3.006,123.6
SVC-1023,CMP-2017,Component for SVC-1023,4.029,169.31
SVC-1023,CMP-2055,Component for SVC-1023,1.075,49.97
SVC-1024,CMP-2002,Component for SVC-1024,3.172,80.81
SVC-1024,CMP-2006,Component for SVC-1024,3.104,162.31
SVC-1024,CMP-2038,Component for SVC-1024,0.951,128.75
SVC-1024,CMP-2027,Component for SVC-1024,1.591,145.95
SVC-1024,CMP-2022,Component for SVC-1024,3.132,134.58
SVC-1025,CMP-2023,Component for SVC-1025,1.025,120.76
SVC-1025,CMP-2027,Component for SVC-1025,1.044,56.86
SVC-1025,CMP-2004,Component for SVC-1025,1.671,61.41
SVC-1025,CMP-2042,Component for SVC-1025,5.654,26.4
SVC-1026,CMP-2042,Component for SVC-1026,1.92,100.44
SVC-1026,CMP-2024,Component for SVC-1026,0.961,40.99
SVC-1026,CMP-2043,Component for SVC-1026,4.064,119.23
SVC-1026,CMP-2047,Component for SVC-1026,1.977,122.91
SVC-1026,CMP-2011,Component for SVC-1026,1.989,162.61
SVC-1026,CMP-2039,Component for SVC-1026,7.95,119.96
SVC-1027,CMP-2032,Component for SVC-1027,1.844,136.2
SVC-1027,CMP-2042,Component for SVC-1027,2.886,145.96
SVC-1027,CMP-2040,Component for SVC-1027,0.905,47.09
SVC-1027,CMP-2039,Component for SVC-1027,2.045,139.25
SVC-1027,CMP-2021,Component for SVC-1027,1.966,114.84
SVC-1028,CMP-2045,Component for SVC-1028,1.898,119.47
SVC-1028,CMP-2044,Component for SVC-1028,1.079,155.44
SVC-1028,CMP-2024,Component for SVC-1028,1.056,42.52
SVC-1028,CMP-2031,Component for SVC-1028,7.999,95.16
SVC-1029,CMP-2035,Component for SVC-1029,3.697,27.47
SVC-1029,CMP-2015,Component for SVC-1029,2.067,177.87
SVC-1029,CMP-2058,Component for SVC-1029,1.927,136.92
