part,workstation,qpv
CHG-US,WS-100,1
CHG-CA,WS-250,1
CHG-DE,WS-360,1
CHG-NL,WS-280,1
CHG-NO,WS-150,1
CHG-CN,WS-180,1
CHG-AU,WS-190,1
CHG-KR,WS-100,1
CHG-JP,WS-140,1
GEN-3000,WS-230,2
GEN-3000,WS-250,2
GEN-3000,WS-260,2
GEN-3001,WS-270,1
GEN-3001,WS-250,1
GEN-3002,WS-210,2
GEN-3003,WS-290,4
GEN-3003,WS-300,4
GEN-3004,WS-280,6
GEN-3005,WS-200,2
GEN-3006,WS-140,2
GEN-3007,WS-320,8
GEN-3008,WS-370,4
GEN-3009,WS-260,2
GEN-3010,WS-290,1
GEN-3010,WS-140,1
GEN-3010,WS-310,1
GEN-3011,WS-300,2
GEN-3012,WS-310,1
GEN-3013,WS-330,4
GEN-3014,WS-110,2
GEN-3015,WS-240,2
GEN-3016,WS-380,8
GEN-3017,WS-370,6
GEN-3018,WS-340,6
GEN-3019,WS-370,6
GEN-3019,WS-210,6
GEN-3020,WS-310,2
GEN-3021,WS-350,2
GEN-3022,WS-270,2
GEN-3023,WS-220,1
GEN-3024,WS-220,8
GEN-3024,WS-130,8
GEN-3025,WS-220,2
GEN-3026,WS-220,8
GEN-3027,WS-130,6
GEN-3028,WS-250,2
GEN-3029,WS-300,1
