week,market,region,planned_builds
2026-W01,US,NA,295
2026-W01,CA,NA,59
2026-W01,DE,EMEA,118
2026-W01,NL,EMEA,59
2026-W01,NO,EMEA,49
2026-W01,CN,APAC,196
2026-W01,AU,APAC,59
2026-W01,KR,APAC,88
2026-W01,JP,APAC,59
2026-W02,US,NA,281
2026-W02,CA,NA,56
2026-W02,DE,EMEA,113
2026-W02,NL,EMEA,56
2026-W02,NO,EMEA,47
2026-W02,CN,APAC,188
2026-W02,AU,APAC,56
2026-W02,KR,APAC,84
2026-W02,JP,APAC,56
2026-W03,US,NA,300
2026-W03,CA,NA,60
2026-W03,DE,EMEA,120
2026-W03,NL,EMEA,60
2026-W03,NO,EMEA,50
2026-W03,CN,APAC,200
2026-W03,AU,APAC,60
2026-W03,KR,APAC,90
2026-W03,JP,APAC,60
2026-W04,US,NA,320
2026-W04,CA,NA,64
2026-W04,DE,EMEA,128
2026-W04,NL,EMEA,64
2026-W04,NO,EMEA,53
2026-W04,CN,APAC,213
2026-W04,AU,APAC,64
2026-W04,KR,APAC,96
2026-W04,JP,APAC,64
2026-W05,US,NA,274
2026-W05,CA,NA,55
2026-W05,DE,EMEA,109
2026-W05,NL,EMEA,55
2026-W05,NO,EMEA,46
2026-W05,CN,APAC,182
2026-W05,AU,APAC,55
2026-W05,KR,APAC,82
2026-W05,JP,APAC,55
2026-W06,US,NA,275
2026-W06,CA,NA,55
2026-W06,DE,EMEA,110
2026-W06,NL,EMEA,55
2026-W06,NO,EMEA,46
2026-W06,CN,APAC,184
2026-W06,AU,APAC,55
2026-W06,KR,APAC,83
2026-W06,JP,APAC,55
2026-W07,US,NA,311
2026-W07,CA,NA,62
2026-W07,DE,EMEA,124
2026-W07,NL,EMEA,62
2026-W07,NO,EMEA,52
2026-W07,CN,APAC,207
2026-W07,AU,APAC,62
2026-W07,KR,APAC,93
2026-W07,JP,APAC,62
2026-W08,US,NA,277
2026-W08,CA,NA,55
2026-W08,DE,EMEA,111
2026-W08,NL,EMEA,55
2026-W08,NO,EMEA,46
2026-W08,CN,APAC,185
2026-W08,AU,APAC,55
2026-W08,KR,APAC,83
2026-W08,JP,APAC,55
2026-W09,US,NA,298
2026-W09,CA,NA,60
2026-W09,DE,EMEA,119
2026-W09,NL,EMEA,60
2026-W09,NO,EMEA,50
2026-W09,CN,APAC,199
2026-W09,AU,APAC,60
2026-W09,KR,APAC,89
2026-W09,JP,APAC,60
2026-W10,US,NA,315
2026-W10,CA,NA,63
2026-W10,DE,EMEA,126
2026-W10,NL,EMEA,63
2026-W10,NO,EMEA,52
2026-W10,CN,APAC,210
2026-W10,AU,APAC,63
2026-W10,KR,APAC,94
2026-W10,JP,APAC,63
2026-W11,US,NA,274
2026-W11,CA,NA,55
2026-W11,DE,EMEA,110
2026-W11,NL,EMEA,55
2026-W11,NO,EMEA,46
2026-W11,CN,APAC,183
2026-W11,AU,APAC,55
2026-W11,KR,APAC,82
2026-W11,JP,APAC,55
2026-W12,US,NA,309
2026-W12,CA,NA,62
2026-W12,DE,EMEA,123
2026-W12,NL,EMEA,62
2026-W12,NO,EMEA,51
2026-W12,CN,APAC,206
2026-W12,AU,APAC,62
2026-W12,KR,APAC,93
2026-W12,JP,APAC,62
2026-W13,US,NA,286
2026-W13,CA,NA,57
2026-W13,DE,EMEA,114
2026-W13,NL,EMEA,57
2026-W13,NO,EMEA,48
2026-W13,CN,APAC,191
2026-W13,AU,APAC,57
2026-W13,KR,APAC,86
2026-W13,JP,APAC,57
