week,part,on_hand,in_transit,actual_consumption,scrap_qty,vehicles_built,ending_inventory
2026-W01,CHG-US,442,449,295,5,290,596
2026-W02,CHG-US,596,427,278,5,273,745
2026-W03,CHG-US,745,456,299,6,293,902
2026-W04,CHG-US,902,487,317,5,312,1072
2026-W05,CHG-US,1072,416,279,5,274,1209
2026-W06,CHG-US,1209,418,273,5,268,1354
2026-W07,CHG-US,1354,472,308,6,302,1518
2026-W08,CHG-US,1518,421,283,6,277,1656
2026-W09,CHG-US,1656,453,300,5,295,1809
2026-W10,CHG-US,1809,478,314,5,309,1973
2026-W11,CHG-US,1973,416,277,5,272,2112
2026-W12,CHG-US,2112,469,313,6,307,2268
2026-W13,CHG-US,2268,435,285,6,279,2418
2026-W01,CHG-CA,90,60,60,1,59,90
2026-W02,CHG-CA,90,57,57,1,56,90
2026-W03,CHG-CA,90,61,61,1,60,90
2026-W04,CHG-CA,90,65,64,1,63,91
2026-W05,CHG-CA,91,56,54,1,53,93
2026-W06,CHG-CA,93,56,55,1,54,94
2026-W07,CHG-CA,94,63,62,1,61,95
2026-W08,CHG-CA,95,56,55,1,54,96
2026-W09,CHG-CA,96,61,61,1,60,96
2026-W10,CHG-CA,96,64,63,1,62,97
2026-W11,CHG-CA,97,56,55,1,54,98
2026-W12,CHG-CA,98,63,62,1,61,99
2026-W13,CHG-CA,99,58,58,1,57,99
2026-W01,CHG-DE,178,122,119,3,116,181
2026-W02,CHG-DE,181,116,115,3,112,182
2026-W03,CHG-DE,182,124,123,4,119,183
2026-W04,CHG-DE,183,132,131,4,127,184
2026-W05,CHG-DE,184,112,110,3,107,186
2026-W06,CHG-DE,186,113,112,3,109,187
2026-W07,CHG-DE,187,128,127,4,123,188
2026-W08,CHG-DE,188,114,112,3,109,190
2026-W09,CHG-DE,190,123,122,3,119,191
2026-W10,CHG-DE,191,130,126,3,123,195
2026-W11,CHG-DE,195,113,110,3,107,198
2026-W12,CHG-DE,198,127,125,3,122,200
2026-W13,CHG-DE,200,117,116,3,113,201
2026-W01,CHG-NL,88,60,59,1,58,89
2026-W02,CHG-NL,89,57,56,1,55,90
2026-W03,CHG-NL,90,61,59,1,58,92
2026-W04,CHG-NL,92,65,64,1,63,93
2026-W05,CHG-NL,93,56,56,1,55,93
2026-W06,CHG-NL,93,56,56,1,55,93
2026-W07,CHG-NL,93,63,62,1,61,94
2026-W08,CHG-NL,94,56,55,1,54,95
2026-W09,CHG-NL,95,61,60,1,59,96
2026-W10,CHG-NL,96,64,63,1,62,97
2026-W11,CHG-NL,97,56,56,1,55,97
2026-W12,CHG-NL,97,63,62,1,61,98
2026-W13,CHG-NL,98,58,58,1,57,98
2026-W01,CHG-NO,75,50,50,1,49,75
2026-W02,CHG-NO,75,48,47,1,46,76
2026-W03,CHG-NO,76,52,50,1,49,78
2026-W04,CHG-NO,78,55,53,1,52,80
2026-W05,CHG-NO,80,47,47,1,46,80
2026-W06,CHG-NO,80,47,46,1,45,81
2026-W07,CHG-NO,81,54,52,1,51,83
2026-W08,CHG-NO,83,47,46,1,45,84
2026-W09,CHG-NO,84,52,51,1,50,85
2026-W10,CHG-NO,85,54,52,1,51,87
2026-W11,CHG-NO,87,47,46,1,45,88
2026-W12,CHG-NO,88,53,51,1,50,90
2026-W13,CHG-NO,90,49,50,2,48,89
2026-W01,CHG-CN,296,200,197,4,193,299
2026-W02,CHG-CN,299,192,188,3,185,303
2026-W03,CHG-CN,303,204,202,4,198,305
2026-W04,CHG-CN,305,217,214,4,210,308
2026-W05,CHG-CN,308,186,185,3,182,309
2026-W06,CHG-CN,309,188,187,4,183,310
2026-W07,CHG-CN,310,211,206,4,202,315
2026-W08,CHG-CN,315,189,189,4,185,315
2026-W09,CHG-CN,315,203,197,3,194,321
2026-W10,CHG-CN,321,214,209,3,206,326
2026-W11,CHG-CN,326,187,182,3,179,331
2026-W12,CHG-CN,331,210,208,4,204,333
2026-W13,CHG-CN,333,195,193,3,190,335
2026-W01,CHG-AU,88,91,59,1,58,120
2026-W02,CHG-AU,120,87,56,1,55,151
2026-W03,CHG-AU,151,93,61,1,60,183
2026-W04,CHG-AU,183,99,65,1,64,217
2026-W05,CHG-AU,217,85,55,1,54,247
2026-W06,CHG-AU,247,85,56,1,55,276
2026-W07,CHG-AU,276,96,62,1,61,310
2026-W08,CHG-AU,310,85,55,1,54,340
2026-W09,CHG-AU,340,93,60,1,59,373
2026-W10,CHG-AU,373,97,62,1,61,408
2026-W11,CHG-AU,408,85,55,1,54,438
2026-W12,CHG-AU,438,96,62,1,61,472
2026-W13,CHG-AU,472,88,57,1,56,503
2026-W01,CHG-KR,135,134,90,2,88,179
2026-W02,CHG-KR,179,128,85,1,84,222
2026-W03,CHG-KR,222,137,89,1,88,270
2026-W04,CHG-KR,270,146,96,1,95,320
2026-W05,CHG-KR,320,124,81,1,80,363
2026-W06,CHG-KR,363,126,84,1,83,405
2026-W07,CHG-KR,405,142,92,1,91,455
2026-W08,CHG-KR,455,126,84,1,83,497
2026-W09,CHG-KR,497,136,89,1,88,544
2026-W10,CHG-KR,544,143,93,2,91,594
2026-W11,CHG-KR,594,124,82,1,81,636
2026-W12,CHG-KR,636,142,95,2,93,683
2026-W13,CHG-KR,683,131,86,1,85,728
2026-W01,CHG-JP,90,60,60,1,59,90
2026-W02,CHG-JP,90,57,57,1,56,90
2026-W03,CHG-JP,90,61,60,1,59,91
2026-W04,CHG-JP,91,65,65,1,64,91
2026-W05,CHG-JP,91,56,55,1,54,92
2026-W06,CHG-JP,92,56,55,1,54,93
2026-W07,CHG-JP,93,63,61,1,60,95
2026-W08,CHG-JP,95,56,55,1,54,96
2026-W09,CHG-JP,96,61,60,1,59,97
2026-W10,CHG-JP,97,64,63,1,62,98
2026-W11,CHG-JP,98,56,55,1,54,99
2026-W12,CHG-JP,99,63,61,1,60,101
2026-W13,CHG-JP,101,58,56,1,55,103
2026-W01,GEN-3000,3078,6304,2052,114,969,7330
2026-W02,GEN-3000,7330,6022,1982,136,923,11370
2026-W03,GEN-3000,11370,6426,2087,139,974,15709
2026-W04,GEN-3000,15709,6844,2232,136,1048,20321
2026-W05,GEN-3000,20321,5855,1928,114,907,24248
2026-W06,GEN-3000,24248,5894,1932,124,904,28210
2026-W07,GEN-3000,28210,6658,2200,128,1036,32668
2026-W08,GEN-3000,32668,5932,1965,127,919,36635
2026-W09,GEN-3000,36635,6375,2088,124,982,40922
2026-W10,GEN-3000,40922,6735,2172,116,1028,45485
2026-W11,GEN-3000,45485,5868,1881,101,890,49472
2026-W12,GEN-3000,49472,6606,2165,123,1021,53913
2026-W13,GEN-3000,53913,6125,1966,106,930,58072
2026-W01,GEN-3001,1564,2101,1043,66,977,2622
2026-W02,GEN-3001,2622,2007,982,53,929,3647
2026-W03,GEN-3001,3647,2142,1034,56,978,4755
2026-W04,GEN-3001,4755,2281,1106,57,1049,5930
2026-W05,GEN-3001,5930,1952,948,51,897,6934
2026-W06,GEN-3001,6934,1965,981,64,917,7918
2026-W07,GEN-3001,7918,2219,1081,58,1023,9056
2026-W08,GEN-3001,9056,1977,976,53,923,10057
2026-W09,GEN-3001,10057,2125,1025,51,974,11157
2026-W10,GEN-3001,11157,2245,1092,62,1030,12310
2026-W11,GEN-3001,12310,1956,950,50,900,13316
2026-W12,GEN-3001,13316,2202,1067,53,1014,14451
2026-W13,GEN-3001,14451,2042,983,50,933,15510
2026-W01,GEN-3002,3058,2259,2039,111,964,3278
2026-W02,GEN-3002,3278,2157,1935,115,910,3500
2026-W03,GEN-3002,3500,2302,2090,134,978,3712
2026-W04,GEN-3002,3712,2452,2253,151,1051,3911
2026-W05,GEN-3002,3911,2098,1935,129,903,4074
2026-W06,GEN-3002,4074,2111,1949,119,915,4236
2026-W07,GEN-3002,4236,2385,2188,156,1016,4433
2026-W08,GEN-3002,4433,2125,1929,129,900,4629
2026-W09,GEN-3002,4629,2284,2078,114,982,4835
2026-W10,GEN-3002,4835,2413,2244,156,1044,5004
2026-W11,GEN-3002,5004,2102,1938,130,904,5168
2026-W12,GEN-3002,5168,2367,2168,122,1023,5367
2026-W13,GEN-3002,5367,2194,2006,126,940,5555
2026-W01,GEN-3003,6406,8013,4271,363,977,10148
2026-W02,GEN-3003,10148,7654,4057,325,933,13745
2026-W03,GEN-3003,13745,8168,4350,358,998,17563
2026-W04,GEN-3003,17563,8699,4554,330,1056,21708
2026-W05,GEN-3003,21708,7442,3808,268,885,25342
2026-W06,GEN-3003,25342,7491,3870,270,900,28963
2026-W07,GEN-3003,28963,8462,4485,357,1032,32940
2026-W08,GEN-3003,32940,7540,3979,323,914,36501
2026-W09,GEN-3003,36501,8103,4265,333,983,40339
2026-W10,GEN-3003,40339,8560,4449,377,1018,44450
2026-W11,GEN-3003,44450,7458,3937,309,907,47971
2026-W12,GEN-3003,47971,8397,4422,362,1015,51946
2026-W13,GEN-3003,51946,7785,4046,338,927,55685
2026-W01,GEN-3004,9183,6363,6122,362,960,9424
2026-W02,GEN-3004,9424,6078,5925,423,917,9577
2026-W03,GEN-3004,9577,6486,6314,452,977,9749
2026-W04,GEN-3004,9749,6908,6849,459,1065,9808
2026-W05,GEN-3004,9808,5910,5754,384,895,9964
2026-W06,GEN-3004,9964,5949,5878,424,909,10035
2026-W07,GEN-3004,10035,6720,6612,462,1025,10143
2026-W08,GEN-3004,10143,5988,5735,347,898,10396
2026-W09,GEN-3004,10396,6435,6276,450,971,10555
2026-W10,GEN-3004,10555,6798,6615,453,1027,10738
2026-W11,GEN-3004,10738,5923,5655,333,887,11006
2026-W12,GEN-3004,11006,6668,6493,457,1006,11181
2026-W13,GEN-3004,11181,6182,6100,430,945,11263
2026-W01,GEN-3005,3016,2219,2011,89,961,3224
2026-W02,GEN-3005,3224,2120,1930,84,923,3414
2026-W03,GEN-3005,3414,2262,2050,100,975,3626
2026-W04,GEN-3005,3626,2409,2189,109,1040,3846
2026-W05,GEN-3005,3846,2061,1892,72,910,4015
2026-W06,GEN-3005,4015,2075,1897,91,903,4193
2026-W07,GEN-3005,4193,2344,2166,94,1036,4371
2026-W08,GEN-3005,4371,2088,1884,76,904,4575
2026-W09,GEN-3005,4575,2244,2065,83,991,4754
2026-W10,GEN-3005,4754,2371,2157,85,1036,4968
2026-W11,GEN-3005,4968,2066,1896,94,901,5138
2026-W12,GEN-3005,5138,2326,2105,101,1002,5359
2026-W13,GEN-3005,5359,2156,1977,97,940,5538
2026-W01,GEN-3006,2984,2219,1989,43,973,3214
2026-W02,GEN-3006,3214,2120,1915,45,935,3419
2026-W03,GEN-3006,3419,2262,1984,40,972,3697
2026-W04,GEN-3006,3697,2409,2150,50,1050,3956
2026-W05,GEN-3006,3956,2061,1824,38,893,4193
2026-W06,GEN-3006,4193,2075,1841,41,900,4427
2026-W07,GEN-3006,4427,2344,2106,42,1032,4665
2026-W08,GEN-3006,4665,2088,1882,48,917,4871
2026-W09,GEN-3006,4871,2244,1986,52,967,5129
2026-W10,GEN-3006,5129,2371,2136,56,1040,5364
2026-W11,GEN-3006,5364,2066,1831,41,895,5599
2026-W12,GEN-3006,5599,2326,2076,56,1010,5849
2026-W13,GEN-3006,5849,2156,1927,43,942,6078
2026-W01,GEN-3007,12184,8327,8123,403,965,12388
2026-W02,GEN-3007,12388,7954,7647,359,911,12695
2026-W03,GEN-3007,12695,8488,8386,418,996,12797
2026-W04,GEN-3007,12797,9040,8953,441,1064,12884
2026-W05,GEN-3007,12884,7734,7537,401,892,13081
2026-W06,GEN-3007,13081,7785,7554,386,896,13312
2026-W07,GEN-3007,13312,8794,8806,518,1036,13300
2026-W08,GEN-3007,13300,7836,7780,428,919,13356
2026-W09,GEN-3007,13356,8421,8422,502,990,13355
2026-W10,GEN-3007,13355,8896,8774,494,1035,13477
2026-W11,GEN-3007,13477,7751,7530,426,888,13698
2026-W12,GEN-3007,13698,8726,8584,488,1012,13840
2026-W13,GEN-3007,13840,8090,7948,396,944,13982
2026-W01,GEN-3008,5962,4085,3975,159,954,6072
2026-W02,GEN-3008,6072,3902,3786,134,913,6188
2026-W03,GEN-3008,6188,4164,4060,136,981,6292
2026-W04,GEN-3008,6292,4435,4411,179,1058,6316
2026-W05,GEN-3008,6316,3794,3706,138,892,6404
2026-W06,GEN-3008,6404,3819,3731,135,899,6492
2026-W07,GEN-3008,6492,4314,4208,136,1018,6598
2026-W08,GEN-3008,6598,3844,3726,122,901,6716
2026-W09,GEN-3008,6716,4131,4106,146,990,6741
2026-W10,GEN-3008,6741,4364,4266,170,1024,6839
2026-W11,GEN-3008,6839,3802,3789,133,914,6852
2026-W12,GEN-3008,6852,4281,4143,135,1002,6990
2026-W13,GEN-3008,6990,3969,3843,131,928,7116
2026-W01,GEN-3009,3098,2141,2065,155,955,3174
2026-W02,GEN-3009,3174,2045,1999,165,917,3220
2026-W03,GEN-3009,3220,2182,2185,189,998,3217
2026-W04,GEN-3009,3217,2324,2274,180,1047,3267
2026-W05,GEN-3009,3267,1988,1950,152,899,3305
2026-W06,GEN-3009,3305,2001,1938,138,900,3368
2026-W07,GEN-3009,3368,2261,2234,204,1015,3395
2026-W08,GEN-3009,3395,2014,1959,159,900,3450
2026-W09,GEN-3009,3450,2165,2156,192,982,3459
2026-W10,GEN-3009,3459,2287,2216,168,1024,3530
2026-W11,GEN-3009,3530,1993,1938,152,893,3585
2026-W12,GEN-3009,3585,2243,2226,202,1012,3602
2026-W13,GEN-3009,3602,2080,2086,186,950,3596
2026-W01,GEN-3010,1458,3034,972,19,953,3520
2026-W02,GEN-3010,3520,2898,954,24,930,5464
2026-W03,GEN-3010,5464,3093,1008,23,985,7549
2026-W04,GEN-3010,7549,3294,1057,23,1034,9786
2026-W05,GEN-3010,9786,2818,933,23,910,11671
2026-W06,GEN-3010,11671,2837,938,24,914,13570
2026-W07,GEN-3010,13570,3204,1035,21,1014,15739
2026-W08,GEN-3010,15739,2855,922,21,901,17672
2026-W09,GEN-3010,17672,3068,1010,26,984,19730
2026-W10,GEN-3010,19730,3241,1065,25,1040,21906
2026-W11,GEN-3010,21906,2824,929,21,908,23801
2026-W12,GEN-3010,23801,3180,1035,20,1015,25946
2026-W13,GEN-3010,25946,2948,968,20,948,27926
2026-W01,GEN-3011,3090,2062,2060,100,980,3092
2026-W02,GEN-3011,3092,1970,1916,80,918,3146
2026-W03,GEN-3011,3146,2102,2058,100,979,3190
2026-W04,GEN-3011,3190,2239,2203,91,1056,3226
2026-W05,GEN-3011,3226,1915,1862,88,887,3279
2026-W06,GEN-3011,3279,1928,1900,86,907,3307
2026-W07,GEN-3011,3307,2178,2128,102,1013,3357
2026-W08,GEN-3011,3357,1940,1877,83,897,3420
2026-W09,GEN-3011,3420,2085,2063,109,977,3442
2026-W10,GEN-3011,3442,2203,2189,113,1038,3456
2026-W11,GEN-3011,3456,1919,1881,81,900,3494
2026-W12,GEN-3011,3494,2161,2124,112,1006,3531
2026-W13,GEN-3011,3531,2003,1979,87,946,3555
2026-W01,GEN-3012,1452,1002,968,15,953,1486
2026-W02,GEN-3012,1486,957,944,15,929,1499
2026-W03,GEN-3012,1499,1021,995,16,979,1525
2026-W04,GEN-3012,1525,1087,1080,16,1064,1532
2026-W05,GEN-3012,1532,930,899,13,886,1563
2026-W06,GEN-3012,1563,936,917,15,902,1582
2026-W07,GEN-3012,1582,1058,1030,18,1012,1610
2026-W08,GEN-3012,1610,942,932,15,917,1620
2026-W09,GEN-3012,1620,1013,987,18,969,1646
2026-W10,GEN-3012,1646,1070,1045,18,1027,1671
2026-W11,GEN-3012,1671,932,906,13,893,1697
2026-W12,GEN-3012,1697,1050,1037,15,1022,1710
2026-W13,GEN-3012,1710,973,968,15,953,1715
2026-W01,GEN-3013,6170,4242,4113,281,958,6299
2026-W02,GEN-3013,6299,4052,3998,310,922,6353
2026-W03,GEN-3013,6353,4324,4282,286,999,6395
2026-W04,GEN-3013,6395,4605,4494,306,1047,6506
2026-W05,GEN-3013,6506,3940,3904,260,911,6542
2026-W06,GEN-3013,6542,3966,3816,248,892,6692
2026-W07,GEN-3013,6692,4480,4437,365,1018,6735
2026-W08,GEN-3013,6735,3992,3999,315,921,6728
2026-W09,GEN-3013,6728,4290,4331,359,993,6687
2026-W10,GEN-3013,6687,4532,4410,298,1028,6809
2026-W11,GEN-3013,6809,3948,3961,313,912,6796
2026-W12,GEN-3013,6796,4445,4331,335,999,6910
2026-W13,GEN-3013,6910,4121,4032,288,936,6999
2026-W01,GEN-3014,2985,2200,1990,66,962,3195
2026-W02,GEN-3014,3195,2101,1885,65,910,3411
2026-W03,GEN-3014,3411,2242,2049,85,982,3604
2026-W04,GEN-3014,3604,2388,2166,90,1038,3826
2026-W05,GEN-3014,3826,2043,1845,65,890,4024
2026-W06,GEN-3014,4024,2056,1902,76,913,4178
2026-W07,GEN-3014,4178,2323,2105,67,1019,4396
2026-W08,GEN-3014,4396,2070,1884,66,909,4582
2026-W09,GEN-3014,4582,2224,2050,68,991,4756
2026-W10,GEN-3014,4756,2350,2146,88,1029,4960
2026-W11,GEN-3014,4960,2047,1840,66,887,5167
2026-W12,GEN-3014,5167,2305,2130,84,1023,5342
2026-W13,GEN-3014,5342,2137,1915,61,927,5564
2026-W01,GEN-3015,3010,2062,2007,99,954,3065
2026-W02,GEN-3015,3065,1970,1925,91,917,3110
2026-W03,GEN-3015,3110,2102,2083,87,998,3129
2026-W04,GEN-3015,3129,2239,2195,109,1043,3173
2026-W05,GEN-3015,3173,1915,1881,77,902,3207
2026-W06,GEN-3015,3207,1928,1899,79,910,3236
2026-W07,GEN-3015,3236,2178,2107,79,1014,3307
2026-W08,GEN-3015,3307,1940,1929,95,917,3318
2026-W09,GEN-3015,3318,2085,2066,102,982,3337
2026-W10,GEN-3015,3337,2203,2122,86,1018,3418
2026-W11,GEN-3015,3418,1919,1894,94,900,3443
2026-W12,GEN-3015,3443,2161,2147,91,1028,3457
2026-W13,GEN-3015,3457,2003,1950,84,933,3510
2026-W01,GEN-3016,12022,8170,8015,279,967,12177
2026-W02,GEN-3016,12177,7804,7576,256,915,12405
2026-W03,GEN-3016,12405,8328,8223,279,993,12510
2026-W04,GEN-3016,12510,8869,8752,280,1059,12627
2026-W05,GEN-3016,12627,7588,7368,216,894,12847
2026-W06,GEN-3016,12847,7638,7450,250,900,13035
2026-W07,GEN-3016,13035,8628,8299,235,1008,13364
2026-W08,GEN-3016,13364,7688,7553,217,917,13499
2026-W09,GEN-3016,13499,8262,7932,212,965,13829
2026-W10,GEN-3016,13829,8728,8531,251,1035,14026
2026-W11,GEN-3016,14026,7604,7565,261,913,14065
2026-W12,GEN-3016,14065,8561,8477,245,1029,14149
2026-W13,GEN-3016,14149,7937,7633,209,928,14453
2026-W01,GEN-3017,8842,6010,5895,93,967,8957
2026-W02,GEN-3017,8957,5741,5608,76,922,9090
2026-W03,GEN-3017,9090,6126,5990,92,983,9226
2026-W04,GEN-3017,9226,6524,6438,102,1056,9312
2026-W05,GEN-3017,9312,5581,5534,86,908,9359
2026-W06,GEN-3017,9359,5618,5453,89,894,9524
2026-W07,GEN-3017,9524,6346,6183,93,1015,9687
2026-W08,GEN-3017,9687,5655,5529,87,907,9813
2026-W09,GEN-3017,9813,6077,5895,81,969,9995
2026-W10,GEN-3017,9995,6420,6233,83,1025,10182
2026-W11,GEN-3017,10182,5594,5550,84,911,10226
2026-W12,GEN-3017,10226,6297,6136,88,1008,10387
2026-W13,GEN-3017,10387,5838,5810,86,954,10415
2026-W01,GEN-3018,9159,6246,6106,352,959,9299
2026-W02,GEN-3018,9299,5966,5926,358,928,9339
2026-W03,GEN-3018,9339,6366,6169,325,974,9536
2026-W04,GEN-3018,9536,6780,6753,393,1060,9563
2026-W05,GEN-3018,9563,5800,5724,264,910,9639
2026-W06,GEN-3018,9639,5838,5662,268,899,9815
2026-W07,GEN-3018,9815,6595,6460,388,1012,9950
2026-W08,GEN-3018,9950,5877,5818,346,912,10009
2026-W09,GEN-3018,10009,6315,6207,363,974,10117
2026-W10,GEN-3018,10117,6672,6514,322,1032,10275
2026-W11,GEN-3018,10275,5813,5794,346,908,10294
2026-W12,GEN-3018,10294,6544,6352,346,1001,10486
2026-W13,GEN-3018,10486,6067,5948,290,943,10605
2026-W01,GEN-3019,8922,12255,5948,170,963,15229
2026-W02,GEN-3019,15229,11706,5664,168,916,21271
2026-W03,GEN-3019,21271,12492,6139,205,989,27624
2026-W04,GEN-3019,27624,13304,6422,176,1041,34506
2026-W05,GEN-3019,34506,11382,5550,186,894,40338
2026-W06,GEN-3019,40338,11457,5543,167,896,46252
2026-W07,GEN-3019,46252,12942,6290,218,1012,52904
2026-W08,GEN-3019,52904,11532,5623,157,911,58813
2026-W09,GEN-3019,58813,12393,5981,185,966,65225
2026-W10,GEN-3019,65225,13092,6423,213,1035,71894
2026-W11,GEN-3019,71894,11407,5492,158,889,77809
2026-W12,GEN-3019,77809,12842,6316,196,1020,84335
2026-W13,GEN-3019,84335,11906,5772,174,933,90469
2026-W01,GEN-3020,3048,2043,2032,70,981,3059
2026-W02,GEN-3020,3059,1951,1919,67,926,3091
2026-W03,GEN-3020,3091,2082,2049,83,983,3124
2026-W04,GEN-3020,3124,2217,2210,78,1066,3131
2026-W05,GEN-3020,3131,1897,1852,72,890,3176
2026-W06,GEN-3020,3176,1909,1850,58,896,3235
2026-W07,GEN-3020,3235,2157,2145,77,1034,3247
2026-W08,GEN-3020,3247,1922,1906,68,919,3263
2026-W09,GEN-3020,3263,2065,2054,74,990,3274
2026-W10,GEN-3020,3274,2182,2112,66,1023,3344
2026-W11,GEN-3020,3344,1901,1875,71,902,3370
2026-W12,GEN-3020,3370,2140,2120,68,1026,3390
2026-W13,GEN-3020,3390,1984,1955,69,943,3419
2026-W01,GEN-3021,3054,2082,2036,102,967,3100
2026-W02,GEN-3021,3100,1989,1945,109,918,3144
2026-W03,GEN-3021,3144,2122,2102,104,999,3164
2026-W04,GEN-3021,3164,2260,2235,135,1050,3189
2026-W05,GEN-3021,3189,1933,1920,98,911,3202
2026-W06,GEN-3021,3202,1946,1908,120,894,3240
2026-W07,GEN-3021,3240,2198,2194,122,1036,3244
2026-W08,GEN-3021,3244,1959,1916,120,898,3287
2026-W09,GEN-3021,3287,2105,2079,129,975,3313
2026-W10,GEN-3021,3313,2224,2208,134,1037,3329
2026-W11,GEN-3021,3329,1938,1896,114,891,3371
2026-W12,GEN-3021,3371,2181,2125,115,1005,3427
2026-W13,GEN-3021,3427,2022,2023,123,950,3426
2026-W01,GEN-3022,3062,2121,2041,125,958,3142
2026-W02,GEN-3022,3142,2026,1973,131,921,3195
2026-W03,GEN-3022,3195,2162,2088,124,982,3269
2026-W04,GEN-3022,3269,2303,2242,158,1042,3330
2026-W05,GEN-3022,3330,1970,1929,111,909,3371
2026-W06,GEN-3022,3371,1983,1951,139,906,3403
2026-W07,GEN-3022,3403,2240,2172,158,1007,3471
2026-W08,GEN-3022,3471,1996,1932,132,900,3535
2026-W09,GEN-3022,3535,2145,2104,144,980,3576
2026-W10,GEN-3022,3576,2266,2196,142,1027,3646
2026-W11,GEN-3022,3646,1974,1931,125,903,3689
2026-W12,GEN-3022,3689,2223,2178,142,1018,3734
2026-W13,GEN-3022,3734,2061,1990,114,938,3805
2026-W01,GEN-3023,1518,1031,1012,41,971,1537
2026-W02,GEN-3023,1537,985,958,42,916,1564
2026-W03,GEN-3023,1564,1051,1035,41,994,1580
2026-W04,GEN-3023,1580,1119,1083,43,1040,1616
2026-W05,GEN-3023,1616,958,921,33,888,1653
2026-W06,GEN-3023,1653,964,935,33,902,1682
2026-W07,GEN-3023,1682,1089,1063,43,1020,1708
2026-W08,GEN-3023,1708,970,936,39,897,1742
2026-W09,GEN-3023,1742,1043,1009,43,966,1776
2026-W10,GEN-3023,1776,1101,1086,44,1042,1791
2026-W11,GEN-3023,1791,960,925,37,888,1826
2026-W12,GEN-3023,1826,1080,1058,48,1010,1848
2026-W13,GEN-3023,1848,1002,972,43,929,1878
2026-W01,GEN-3024,12074,16183,8049,193,982,20208
2026-W02,GEN-3024,20208,15458,7620,156,933,28046
2026-W03,GEN-3024,28046,16496,8184,184,1000,36358
2026-W04,GEN-3024,36358,17568,8740,220,1065,45186
2026-W05,GEN-3024,45186,15030,7290,178,889,52926
2026-W06,GEN-3024,52926,15129,7475,147,916,60580
2026-W07,GEN-3024,60580,17090,8338,202,1017,69332
2026-W08,GEN-3024,69332,15228,7394,186,901,77166
2026-W09,GEN-3024,77166,16365,7964,196,971,85567
2026-W10,GEN-3024,85567,17288,8364,188,1022,94491
2026-W11,GEN-3024,94491,15063,7449,153,912,102105
2026-W12,GEN-3024,102105,16958,8233,185,1006,110830
2026-W13,GEN-3024,110830,15722,7628,148,935,118924
2026-W01,GEN-3025,3082,2141,2055,139,958,3168
2026-W02,GEN-3025,3168,2045,2032,160,936,3181
2026-W03,GEN-3025,3181,2182,2142,146,998,3221
2026-W04,GEN-3025,3221,2324,2270,152,1059,3275
2026-W05,GEN-3025,3275,1988,1950,152,899,3313
2026-W06,GEN-3025,3313,2001,1962,162,900,3352
2026-W07,GEN-3025,3352,2261,2216,170,1023,3397
2026-W08,GEN-3025,3397,2014,1974,132,921,3437
2026-W09,GEN-3025,3437,2165,2153,167,993,3449
2026-W10,GEN-3025,3449,2287,2242,182,1030,3494
2026-W11,GEN-3025,3494,1993,1954,166,894,3533
2026-W12,GEN-3025,3533,2243,2190,158,1016,3586
2026-W13,GEN-3025,3586,2080,2045,151,947,3621
2026-W01,GEN-3026,12162,8327,8108,444,958,12381
2026-W02,GEN-3026,12381,7954,7719,431,911,12616
2026-W03,GEN-3026,12616,8488,8273,441,979,12831
2026-W04,GEN-3026,12831,9040,8992,472,1065,12879
2026-W05,GEN-3026,12879,7734,7592,368,903,13021
2026-W06,GEN-3026,13021,7785,7459,331,891,13347
2026-W07,GEN-3026,13347,8794,8540,452,1011,13601
2026-W08,GEN-3026,13601,7836,7658,394,908,13779
2026-W09,GEN-3026,13779,8421,8300,380,990,13900
2026-W10,GEN-3026,13900,8896,8663,463,1025,14133
2026-W11,GEN-3026,14133,7751,7422,326,887,14462
2026-W12,GEN-3026,14462,8726,8456,384,1009,14732
2026-W13,GEN-3026,14732,8090,7859,371,936,14963
2026-W01,GEN-3027,9080,6128,6053,233,970,9155
2026-W02,GEN-3027,9155,5853,5718,222,916,9290
2026-W03,GEN-3027,9290,6246,6115,205,985,9421
2026-W04,GEN-3027,9421,6652,6614,230,1064,9459
2026-W05,GEN-3027,9459,5691,5517,183,889,9633
2026-W06,GEN-3027,9633,5728,5684,236,908,9677
2026-W07,GEN-3027,9677,6471,6414,234,1030,9734
2026-W08,GEN-3027,9734,5766,5605,181,904,9895
2026-W09,GEN-3027,9895,6196,6126,234,982,9965
2026-W10,GEN-3027,9965,6546,6425,251,1029,10086
2026-W11,GEN-3027,10086,5703,5632,238,899,10157
2026-W12,GEN-3027,10157,6421,6347,221,1021,10231
2026-W13,GEN-3027,10231,5953,5898,192,951,10286
2026-W01,GEN-3028,2966,2023,1977,41,968,3012
2026-W02,GEN-3028,3012,1932,1869,35,917,3075
2026-W03,GEN-3028,3075,2062,2025,37,994,3112
2026-W04,GEN-3028,3112,2196,2156,52,1052,3152
2026-W05,GEN-3028,3152,1879,1814,36,889,3217
2026-W06,GEN-3028,3217,1891,1854,40,907,3254
2026-W07,GEN-3028,3254,2136,2101,49,1026,3289
2026-W08,GEN-3028,3289,1903,1839,37,901,3353
2026-W09,GEN-3028,3353,2046,1981,37,972,3418
2026-W10,GEN-3028,3418,2161,2142,50,1046,3437
2026-W11,GEN-3028,3437,1883,1846,34,906,3474
2026-W12,GEN-3028,3474,2120,2096,48,1024,3498
2026-W13,GEN-3028,3498,1965,1922,44,939,3541
2026-W01,GEN-3029,1533,1169,1022,56,966,1680
2026-W02,GEN-3029,1680,1116,966,53,913,1830
2026-W03,GEN-3029,1830,1191,1030,58,972,1991
2026-W04,GEN-3029,1991,1269,1129,71,1058,2131
2026-W05,GEN-3029,2131,1085,969,61,908,2247
2026-W06,GEN-3029,2247,1092,955,57,898,2384
2026-W07,GEN-3029,2384,1234,1089,70,1019,2529
2026-W08,GEN-3029,2529,1100,964,53,911,2665
2026-W09,GEN-3029,2665,1182,1052,70,982,2795
2026-W10,GEN-3029,2795,1248,1096,72,1024,2947
2026-W11,GEN-3029,2947,1088,939,52,887,3096
2026-W12,GEN-3029,3096,1225,1073,68,1005,3248
2026-W13,GEN-3029,3248,1135,1016,64,952,3367
