week,part,option_key,market,take_rate,vehicle_demand
2026-W01,CHG-US,US+1PH,US,1.0,295
2026-W01,CHG-US,US+3PH,US,0.49,145
2026-W01,CHG-CA,CA+1PH,CA,1.0,59
2026-W01,CHG-DE,DE+3PH,DE,1.0,118
2026-W01,CHG-NL,NL+3PH,NL,1.0,59
2026-W01,CHG-NO,NO+3PH,NO,1.0,49
2026-W01,CHG-CN,CN+3PH,CN,1.0,196
2026-W01,CHG-AU,AU+1PH,AU,0.51,30
2026-W01,CHG-AU,AU+3PH,AU,1.0,59
2026-W01,CHG-KR,KR+1PH,KR,1.0,88
2026-W01,CHG-KR,KR+3PH,KR,0.49,43
2026-W01,CHG-JP,JP+1PH,JP,1.0,59
2026-W01,GEN-3000,ALL,ALL,1.0,982
2026-W01,GEN-3001,ALL,ALL,1.0,982
2026-W01,GEN-3002,ALL,ALL,1.0,982
2026-W01,GEN-3003,ALL,ALL,1.0,982
2026-W01,GEN-3004,ALL,ALL,1.0,982
2026-W01,GEN-3005,ALL,ALL,1.0,982
2026-W01,GEN-3006,ALL,ALL,1.0,982
2026-W01,GEN-3007,ALL,ALL,1.0,982
2026-W01,GEN-3008,ALL,ALL,1.0,982
2026-W01,GEN-3009,ALL,ALL,1.0,982
2026-W01,GEN-3010,ALL,ALL,1.0,982
2026-W01,GEN-3011,ALL,ALL,1.0,982
2026-W01,GEN-3012,ALL,ALL,1.0,982
2026-W01,GEN-3013,ALL,ALL,1.0,982
2026-W01,GEN-3014,ALL,ALL,1.0,982
2026-W01,GEN-3015,ALL,ALL,1.0,982
2026-W01,GEN-3016,ALL,ALL,1.0,982
2026-W01,GEN-3017,ALL,ALL,1.0,982
2026-W01,GEN-3018,ALL,ALL,1.0,982
2026-W01,GEN-3019,ALL,ALL,1.0,982
2026-W01,GEN-3020,ALL,ALL,1.0,982
2026-W01,GEN-3021,ALL,ALL,1.0,982
2026-W01,GEN-3022,ALL,ALL,1.0,982
2026-W01,GEN-3023,ALL,ALL,1.0,982
2026-W01,GEN-3024,ALL,ALL,1.0,982
2026-W01,GEN-3025,ALL,ALL,1.0,982
2026-W01,GEN-3026,ALL,ALL,1.0,982
2026-W01,GEN-3027,ALL,ALL,1.0,982
2026-W01,GEN-3028,ALL,ALL,1.0,982
2026-W01,GEN-3029,ALL,ALL,1.0,982
2026-W02,CHG-US,US+1PH,US,1.0,281
2026-W02,CHG-US,US+3PH,US,0.49,138
2026-W02,CHG-CA,CA+1PH,CA,1.0,56
2026-W02,CHG-DE,DE+3PH,DE,1.0,113
2026-W02,CHG-NL,NL+3PH,NL,1.0,56
2026-W02,CHG-NO,NO+3PH,NO,1.0,47
2026-W02,CHG-CN,CN+3PH,CN,1.0,188
2026-W02,CHG-AU,AU+1PH,AU,0.51,29
2026-W02,CHG-AU,AU+3PH,AU,1.0,56
2026-W02,CHG-KR,KR+1PH,KR,1.0,84
2026-W02,CHG-KR,KR+3PH,KR,0.49,41
2026-W02,CHG-JP,JP+1PH,JP,1.0,56
2026-W02,GEN-3000,ALL,ALL,1.0,938
2026-W02,GEN-3001,ALL,ALL,1.0,938
2026-W02,GEN-3002,ALL,ALL,1.0,938
2026-W02,GEN-3003,ALL,ALL,1.0,938
2026-W02,GEN-3004,ALL,ALL,1.0,938
2026-W02,GEN-3005,ALL,ALL,1.0,938
2026-W02,GEN-3006,ALL,ALL,1.0,938
2026-W02,GEN-3007,ALL,ALL,1.0,938
2026-W02,GEN-3008,ALL,ALL,1.0,938
2026-W02,GEN-3009,ALL,ALL,1.0,938
2026-W02,GEN-3010,ALL,ALL,1.0,938
2026-W02,GEN-3011,ALL,ALL,1.0,938
2026-W02,GEN-3012,ALL,ALL,1.0,938
2026-W02,GEN-3013,ALL,ALL,1.0,938
2026-W02,GEN-3014,ALL,ALL,1.0,938
2026-W02,GEN-3015,ALL,ALL,1.0,938
2026-W02,GEN-3016,ALL,ALL,1.0,938
2026-W02,GEN-3017,ALL,ALL,1.0,938
2026-W02,GEN-3018,ALL,ALL,1.0,938
2026-W02,GEN-3019,ALL,ALL,1.0,938
2026-W02,GEN-3020,ALL,ALL,1.0,938
2026-W02,GEN-3021,ALL,ALL,1.0,938
2026-W02,GEN-3022,ALL,ALL,1.0,938
2026-W02,GEN-3023,ALL,ALL,1.0,938
2026-W02,GEN-3024,ALL,ALL,1.0,938
2026-W02,GEN-3025,ALL,ALL,1.0,938
2026-W02,GEN-3026,ALL,ALL,1.0,938
2026-W02,GEN-3027,ALL,ALL,1.0,938
2026-W02,GEN-3028,ALL,ALL,1.0,938
2026-W02,GEN-3029,ALL,ALL,1.0,938
2026-W03,CHG-US,US+1PH,US,1.0,300
2026-W03,CHG-US,US+3PH,US,0.49,147
2026-W03,CHG-CA,CA+1PH,CA,1.0,60
2026-W03,CHG-DE,DE+3PH,DE,1.0,120
2026-W03,CHG-NL,NL+3PH,NL,1.0,60
2026-W03,CHG-NO,NO+3PH,NO,1.0,50
2026-W03,CHG-CN,CN+3PH,CN,1.0,200
2026-W03,CHG-AU,AU+1PH,AU,0.51,31
2026-W03,CHG-AU,AU+3PH,AU,1.0,60
2026-W03,CHG-KR,KR+1PH,KR,1.0,90
2026-W03,CHG-KR,KR+3PH,KR,0.49,44
2026-W03,CHG-JP,JP+1PH,JP,1.0,60
2026-W03,GEN-3000,ALL,ALL,1.0,1001
2026-W03,GEN-3001,ALL,ALL,1.0,1001
2026-W03,GEN-3002,ALL,ALL,1.0,1001
2026-W03,GEN-3003,ALL,ALL,1.0,1001
2026-W03,GEN-3004,ALL,ALL,1.0,1001
2026-W03,GEN-3005,ALL,ALL,1.0,1001
2026-W03,GEN-3006,ALL,ALL,1.0,1001
2026-W03,GEN-3007,ALL,ALL,1.0,1001
2026-W03,GEN-3008,ALL,ALL,1.0,1001
2026-W03,GEN-3009,ALL,ALL,1.0,1001
2026-W03,GEN-3010,ALL,ALL,1.0,1001
2026-W03,GEN-3011,ALL,ALL,1.0,1001
2026-W03,GEN-3012,ALL,ALL,1.0,1001
2026-W03,GEN-3013,ALL,ALL,1.0,1001
2026-W03,GEN-3014,ALL,ALL,1.0,1001
2026-W03,GEN-3015,ALL,ALL,1.0,1001
2026-W03,GEN-3016,ALL,ALL,1.0,1001
2026-W03,GEN-3017,ALL,ALL,1.0,1001
2026-W03,GEN-3018,ALL,ALL,1.0,1001
2026-W03,GEN-3019,ALL,ALL,1.0,1001
2026-W03,GEN-3020,ALL,ALL,1.0,1001
2026-W03,GEN-3021,ALL,ALL,1.0,1001
2026-W03,GEN-3022,ALL,ALL,1.0,1001
2026-W03,GEN-3023,ALL,ALL,1.0,1001
2026-W03,GEN-3024,ALL,ALL,1.0,1001
2026-W03,GEN-3025,ALL,ALL,1.0,1001
2026-W03,GEN-3026,ALL,ALL,1.0,1001
2026-W03,GEN-3027,ALL,ALL,1.0,1001
2026-W03,GEN-3028,ALL,ALL,1.0,1001
2026-W03,GEN-3029,ALL,ALL,1.0,1001
2026-W04,CHG-US,US+1PH,US,1.0,320
2026-W04,CHG-US,US+3PH,US,0.49,157
2026-W04,CHG-CA,CA+1PH,CA,1.0,64
2026-W04,CHG-DE,DE+3PH,DE,1.0,128
2026-W04,CHG-NL,NL+3PH,NL,1.0,64
2026-W04,CHG-NO,NO+3PH,NO,1.0,53
2026-W04,CHG-CN,CN+3PH,CN,1.0,213
2026-W04,CHG-AU,AU+1PH,AU,0.51,33
2026-W04,CHG-AU,AU+3PH,AU,1.0,64
2026-W04,CHG-KR,KR+1PH,KR,1.0,96
2026-W04,CHG-KR,KR+3PH,KR,0.49,47
2026-W04,CHG-JP,JP+1PH,JP,1.0,64
2026-W04,GEN-3000,ALL,ALL,1.0,1066
2026-W04,GEN-3001,ALL,ALL,1.0,1066
2026-W04,GEN-3002,ALL,ALL,1.0,1066
2026-W04,GEN-3003,ALL,ALL,1.0,1066
2026-W04,GEN-3004,ALL,ALL,1.0,1066
2026-W04,GEN-3005,ALL,ALL,1.0,1066
2026-W04,GEN-3006,ALL,ALL,1.0,1066
2026-W04,GEN-3007,ALL,ALL,1.0,1066
2026-W04,GEN-3008,ALL,ALL,1.0,1066
2026-W04,GEN-3009,ALL,ALL,1.0,1066
2026-W04,GEN-3010,ALL,ALL,1.0,1066
2026-W04,GEN-3011,ALL,ALL,1.0,1066
2026-W04,GEN-3012,ALL,ALL,1.0,1066
2026-W04,GEN-3013,ALL,ALL,1.0,1066
2026-W04,GEN-3014,ALL,ALL,1.0,1066
2026-W04,GEN-3015,ALL,ALL,1.0,1066
2026-W04,GEN-3016,ALL,ALL,1.0,1066
2026-W04,GEN-3017,ALL,ALL,1.0,1066
2026-W04,GEN-3018,ALL,ALL,1.0,1066
2026-W04,GEN-3019,ALL,ALL,1.0,1066
2026-W04,GEN-3020,ALL,ALL,1.0,1066
2026-W04,GEN-3021,ALL,ALL,1.0,1066
2026-W04,GEN-3022,ALL,ALL,1.0,1066
2026-W04,GEN-3023,ALL,ALL,1.0,1066
2026-W04,GEN-3024,ALL,ALL,1.0,1066
2026-W04,GEN-3025,ALL,ALL,1.0,1066
2026-W04,GEN-3026,ALL,ALL,1.0,1066
2026-W04,GEN-3027,ALL,ALL,1.0,1066
2026-W04,GEN-3028,ALL,ALL,1.0,1066
2026-W04,GEN-3029,ALL,ALL,1.0,1066
2026-W05,CHG-US,US+1PH,US,1.0,274
2026-W05,CHG-US,US+3PH,US,0.49,134
2026-W05,CHG-CA,CA+1PH,CA,1.0,55
2026-W05,CHG-DE,DE+3PH,DE,1.0,109
2026-W05,CHG-NL,NL+3PH,NL,1.0,55
2026-W05,CHG-NO,NO+3PH,NO,1.0,46
2026-W05,CHG-CN,CN+3PH,CN,1.0,182
2026-W05,CHG-AU,AU+1PH,AU,0.51,28
2026-W05,CHG-AU,AU+3PH,AU,1.0,55
2026-W05,CHG-KR,KR+1PH,KR,1.0,82
2026-W05,CHG-KR,KR+3PH,KR,0.49,40
2026-W05,CHG-JP,JP+1PH,JP,1.0,55
2026-W05,GEN-3000,ALL,ALL,1.0,912
2026-W05,GEN-3001,ALL,ALL,1.0,912
2026-W05,GEN-3002,ALL,ALL,1.0,912
2026-W05,GEN-3003,ALL,ALL,1.0,912
2026-W05,GEN-3004,ALL,ALL,1.0,912
2026-W05,GEN-3005,ALL,ALL,1.0,912
2026-W05,GEN-3006,ALL,ALL,1.0,912
2026-W05,GEN-3007,ALL,ALL,1.0,912
2026-W05,GEN-3008,ALL,ALL,1.0,912
2026-W05,GEN-3009,ALL,ALL,1.0,912
2026-W05,GEN-3010,ALL,ALL,1.0,912
2026-W05,GEN-3011,ALL,ALL,1.0,912
2026-W05,GEN-3012,ALL,ALL,1.0,912
2026-W05,GEN-3013,ALL,ALL,1.0,912
2026-W05,GEN-3014,ALL,ALL,1.0,912
2026-W05,GEN-3015,ALL,ALL,1.0,912
2026-W05,GEN-3016,ALL,ALL,1.0,912
2026-W05,GEN-3017,ALL,ALL,1.0,912
2026-W05,GEN-3018,ALL,ALL,1.0,912
2026-W05,GEN-3019,ALL,ALL,1.0,912
2026-W05,GEN-3020,ALL,ALL,1.0,912
2026-W05,GEN-3021,ALL,ALL,1.0,912
2026-W05,GEN-3022,ALL,ALL,1.0,912
2026-W05,GEN-3023,ALL,ALL,1.0,912
2026-W05,GEN-3024,ALL,ALL,1.0,912
2026-W05,GEN-3025,ALL,ALL,1.0,912
2026-W05,GEN-3026,ALL,ALL,1.0,912
2026-W05,GEN-3027,ALL,ALL,1.0,912
2026-W05,GEN-3028,ALL,ALL,1.0,912
2026-W05,GEN-3029,ALL,ALL,1.0,912
2026-W06,CHG-US,US+1PH,US,1.0,275
2026-W06,CHG-US,US+3PH,US,0.49,135
2026-W06,CHG-CA,CA+1PH,CA,1.0,55
2026-W06,CHG-DE,DE+3PH,DE,1.0,110
2026-W06,CHG-NL,NL+3PH,NL,1.0,55
2026-W06,CHG-NO,NO+3PH,NO,1.0,46
2026-W06,CHG-CN,CN+3PH,CN,1.0,184
2026-W06,CHG-AU,AU+1PH,AU,0.51,28
2026-W06,CHG-AU,AU+3PH,AU,1.0,55
2026-W06,CHG-KR,KR+1PH,KR,1.0,83
2026-W06,CHG-KR,KR+3PH,KR,0.49,41
2026-W06,CHG-JP,JP+1PH,JP,1.0,55
2026-W06,GEN-3000,ALL,ALL,1.0,918
2026-W06,GEN-3001,ALL,ALL,1.0,918
2026-W06,GEN-3002,ALL,ALL,1.0,918
2026-W06,GEN-3003,ALL,ALL,1.0,918
2026-W06,GEN-3004,ALL,ALL,1.0,918
2026-W06,GEN-3005,ALL,ALL,1.0,918
2026-W06,GEN-3006,ALL,ALL,1.0,918
2026-W06,GEN-3007,ALL,ALL,1.0,918
2026-W06,GEN-3008,ALL,ALL,1.0,918
2026-W06,GEN-3009,ALL,ALL,1.0,918
2026-W06,GEN-3010,ALL,ALL,1.0,918
2026-W06,GEN-3011,ALL,ALL,1.0,918
2026-W06,GEN-3012,ALL,ALL,1.0,918
2026-W06,GEN-3013,ALL,ALL,1.0,918
2026-W06,GEN-3014,ALL,ALL,1.0,918
2026-W06,GEN-3015,ALL,ALL,1.0,918
2026-W06,GEN-3016,ALL,ALL,1.0,918
2026-W06,GEN-3017,ALL,ALL,1.0,918
2026-W06,GEN-3018,ALL,ALL,1.0,918
2026-W06,GEN-3019,ALL,ALL,1.0,918
2026-W06,GEN-3020,ALL,ALL,1.0,918
2026-W06,GEN-3021,ALL,ALL,1.0,918
2026-W06,GEN-3022,ALL,ALL,1.0,918
2026-W06,GEN-3023,ALL,ALL,1.0,918
2026-W06,GEN-3024,ALL,ALL,1.0,918
2026-W06,GEN-3025,ALL,ALL,1.0,918
2026-W06,GEN-3026,ALL,ALL,1.0,918
2026-W06,GEN-3027,ALL,ALL,1.0,918
2026-W06,GEN-3028,ALL,ALL,1.0,918
2026-W06,GEN-3029,ALL,ALL,1.0,918
2026-W07,CHG-US,US+1PH,US,1.0,311
2026-W07,CHG-US,US+3PH,US,0.49,152
2026-W07,CHG-CA,CA+1PH,CA,1.0,62
2026-W07,CHG-DE,DE+3PH,DE,1.0,124
2026-W07,CHG-NL,NL+3PH,NL,1.0,62
2026-W07,CHG-NO,NO+3PH,NO,1.0,52
2026-W07,CHG-CN,CN+3PH,CN,1.0,207
2026-W07,CHG-AU,AU+1PH,AU,0.51,32
2026-W07,CHG-AU,AU+3PH,AU,1.0,62
2026-W07,CHG-KR,KR+1PH,KR,1.0,93
2026-W07,CHG-KR,KR+3PH,KR,0.49,46
2026-W07,CHG-JP,JP+1PH,JP,1.0,62
2026-W07,GEN-3000,ALL,ALL,1.0,1037
2026-W07,GEN-3001,ALL,ALL,1.0,1037
2026-W07,GEN-3002,ALL,ALL,1.0,1037
2026-W07,GEN-3003,ALL,ALL,1.0,1037
2026-W07,GEN-3004,ALL,ALL,1.0,1037
2026-W07,GEN-3005,ALL,ALL,1.0,1037
2026-W07,GEN-3006,ALL,ALL,1.0,1037
2026-W07,GEN-3007,ALL,ALL,1.0,1037
2026-W07,GEN-3008,ALL,ALL,1.0,1037
2026-W07,GEN-3009,ALL,ALL,1.0,1037
2026-W07,GEN-3010,ALL,ALL,1.0,1037
2026-W07,GEN-3011,ALL,ALL,1.0,1037
2026-W07,GEN-3012,ALL,ALL,1.0,1037
2026-W07,GEN-3013,ALL,ALL,1.0,1037
2026-W07,GEN-3014,ALL,ALL,1.0,1037
2026-W07,GEN-3015,ALL,ALL,1.0,1037
2026-W07,GEN-3016,ALL,ALL,1.0,1037
2026-W07,GEN-3017,ALL,ALL,1.0,1037
2026-W07,GEN-3018,ALL,ALL,1.0,1037
2026-W07,GEN-3019,ALL,ALL,1.0,1037
2026-W07,GEN-3020,ALL,ALL,1.0,1037
2026-W07,GEN-3021,ALL,ALL,1.0,1037
2026-W07,GEN-3022,ALL,ALL,1.0,1037
2026-W07,GEN-3023,ALL,ALL,1.0,1037
2026-W07,GEN-3024,ALL,ALL,1.0,1037
2026-W07,GEN-3025,ALL,ALL,1.0,1037
2026-W07,GEN-3026,ALL,ALL,1.0,1037
2026-W07,GEN-3027,ALL,ALL,1.0,1037
2026-W07,GEN-3028,ALL,ALL,1.0,1037
2026-W07,GEN-3029,ALL,ALL,1.0,1037
2026-W08,CHG-US,US+1PH,US,1.0,277
2026-W08,CHG-US,US+3PH,US,0.49,136
2026-W08,CHG-CA,CA+1PH,CA,1.0,55
2026-W08,CHG-DE,DE+3PH,DE,1.0,111
2026-W08,CHG-NL,NL+3PH,NL,1.0,55
2026-W08,CHG-NO,NO+3PH,NO,1.0,46
2026-W08,CHG-CN,CN+3PH,CN,1.0,185
2026-W08,CHG-AU,AU+1PH,AU,0.51,28
2026-W08,CHG-AU,AU+3PH,AU,1.0,55
2026-W08,CHG-KR,KR+1PH,KR,1.0,83
2026-W08,CHG-KR,KR+3PH,KR,0.49,41
2026-W08,CHG-JP,JP+1PH,JP,1.0,55
2026-W08,GEN-3000,ALL,ALL,1.0,924
2026-W08,GEN-3001,ALL,ALL,1.0,924
2026-W08,GEN-3002,ALL,ALL,1.0,924
2026-W08,GEN-3003,ALL,ALL,1.0,924
2026-W08,GEN-3004,ALL,ALL,1.0,924
2026-W08,GEN-3005,ALL,ALL,1.0,924
2026-W08,GEN-3006,ALL,ALL,1.0,924
2026-W08,GEN-3007,ALL,ALL,1.0,924
2026-W08,GEN-3008,ALL,ALL,1.0,924
2026-W08,GEN-3009,ALL,ALL,1.0,924
2026-W08,GEN-3010,ALL,ALL,1.0,924
2026-W08,GEN-3011,ALL,ALL,1.0,924
2026-W08,GEN-3012,ALL,ALL,1.0,924
2026-W08,GEN-3013,ALL,ALL,1.0,924
2026-W08,GEN-3014,ALL,ALL,1.0,924
2026-W08,GEN-3015,ALL,ALL,1.0,924
2026-W08,GEN-3016,ALL,ALL,1.0,924
2026-W08,GEN-3017,ALL,ALL,1.0,924
2026-W08,GEN-3018,ALL,ALL,1.0,924
2026-W08,GEN-3019,ALL,ALL,1.0,924
2026-W08,GEN-3020,ALL,ALL,1.0,924
2026-W08,GEN-3021,ALL,ALL,1.0,924
2026-W08,GEN-3022,ALL,ALL,1.0,924
2026-W08,GEN-3023,ALL,ALL,1.0,924
2026-W08,GEN-3024,ALL,ALL,1.0,924
2026-W08,GEN-3025,ALL,ALL,1.0,924
2026-W08,GEN-3026,ALL,ALL,1.0,924
2026-W08,GEN-3027,ALL,ALL,1.0,924
2026-W08,GEN-3028,ALL,ALL,1.0,924
2026-W08,GEN-3029,ALL,ALL,1.0,924
2026-W09,CHG-US,US+1PH,US,1.0,298
2026-W09,CHG-US,US+3PH,US,0.49,146
2026-W09,CHG-CA,CA+1PH,CA,1.0,60
2026-W09,CHG-DE,DE+3PH,DE,1.0,119
2026-W09,CHG-NL,NL+3PH,NL,1.0,60
2026-W09,CHG-NO,NO+3PH,NO,1.0,50
2026-W09,CHG-CN,CN+3PH,CN,1.0,199
2026-W09,CHG-AU,AU+1PH,AU,0.51,31
2026-W09,CHG-AU,AU+3PH,AU,1.0,60
2026-W09,CHG-KR,KR+1PH,KR,1.0,89
2026-W09,CHG-KR,KR+3PH,KR,0.49,44
2026-W09,CHG-JP,JP+1PH,JP,1.0,60
2026-W09,GEN-3000,ALL,ALL,1.0,993
2026-W09,GEN-3001,ALL,ALL,1.0,993
2026-W09,GEN-3002,ALL,ALL,1.0,993
2026-W09,GEN-3003,ALL,ALL,1.0,993
2026-W09,GEN-3004,ALL,ALL,1.0,993
2026-W09,GEN-3005,ALL,ALL,1.0,993
2026-W09,GEN-3006,ALL,ALL,1.0,993
2026-W09,GEN-3007,ALL,ALL,1.0,993
2026-W09,GEN-3008,ALL,ALL,1.0,993
2026-W09,GEN-3009,ALL,ALL,1.0,993
2026-W09,GEN-3010,ALL,ALL,1.0,993
2026-W09,GEN-3011,ALL,ALL,1.0,993
2026-W09,GEN-3012,ALL,ALL,1.0,993
2026-W09,GEN-3013,ALL,ALL,1.0,993
2026-W09,GEN-3014,ALL,ALL,1.0,993
2026-W09,GEN-3015,ALL,ALL,1.0,993
2026-W09,GEN-3016,ALL,ALL,1.0,993
2026-W09,GEN-3017,ALL,ALL,1.0,993
2026-W09,GEN-3018,ALL,ALL,1.0,993
2026-W09,GEN-3019,ALL,ALL,1.0,993
2026-W09,GEN-3020,ALL,ALL,1.0,993
2026-W09,GEN-3021,ALL,ALL,1.0,993
2026-W09,GEN-3022,ALL,ALL,1.0,993
2026-W09,GEN-3023,ALL,ALL,1.0,993
2026-W09,GEN-3024,ALL,ALL,1.0,993
2026-W09,GEN-3025,ALL,ALL,1.0,993
2026-W09,GEN-3026,ALL,ALL,1.0,993
2026-W09,GEN-3027,ALL,ALL,1.0,993
2026-W09,GEN-3028,ALL,ALL,1.0,993
2026-W09,GEN-3029,ALL,ALL,1.0,993
2026-W10,CHG-US,US+1PH,US,1.0,315
2026-W10,CHG-US,US+3PH,US,0.49,154
2026-W10,CHG-CA,CA+1PH,CA,1.0,63
2026-W10,CHG-DE,DE+3PH,DE,1.0,126
2026-W10,CHG-NL,NL+3PH,NL,1.0,63
2026-W10,CHG-NO,NO+3PH,NO,1.0,52
2026-W10,CHG-CN,CN+3PH,CN,1.0,210
2026-W10,CHG-AU,AU+1PH,AU,0.51,32
2026-W10,CHG-AU,AU+3PH,AU,1.0,63
2026-W10,CHG-KR,KR+1PH,KR,1.0,94
2026-W10,CHG-KR,KR+3PH,KR,0.49,46
2026-W10,CHG-JP,JP+1PH,JP,1.0,63
2026-W10,GEN-3000,ALL,ALL,1.0,1049
2026-W10,GEN-3001,ALL,ALL,1.0,1049
2026-W10,GEN-3002,ALL,ALL,1.0,1049
2026-W10,GEN-3003,ALL,ALL,1.0,1049
2026-W10,GEN-3004,ALL,ALL,1.0,1049
2026-W10,GEN-3005,ALL,ALL,1.0,1049
2026-W10,GEN-3006,ALL,ALL,1.0,1049
2026-W10,GEN-3007,ALL,ALL,1.0,1049
2026-W10,GEN-3008,ALL,ALL,1.0,1049
2026-W10,GEN-3009,ALL,ALL,1.0,1049
2026-W10,GEN-3010,ALL,ALL,1.0,1049
2026-W10,GEN-3011,ALL,ALL,1.0,1049
2026-W10,GEN-3012,ALL,ALL,1.0,1049
2026-W10,GEN-3013,ALL,ALL,1.0,1049
2026-W10,GEN-3014,ALL,ALL,1.0,1049
2026-W10,GEN-3015,ALL,ALL,1.0,1049
2026-W10,GEN-3016,ALL,ALL,1.0,1049
2026-W10,GEN-3017,ALL,ALL,1.0,1049
2026-W10,GEN-3018,ALL,ALL,1.0,1049
2026-W10,GEN-3019,ALL,ALL,1.0,1049
2026-W10,GEN-3020,ALL,ALL,1.0,1049
2026-W10,GEN-3021,ALL,ALL,1.0,1049
2026-W10,GEN-3022,ALL,ALL,1.0,1049
2026-W10,GEN-3023,ALL,ALL,1.0,1049
2026-W10,GEN-3024,ALL,ALL,1.0,1049
2026-W10,GEN-3025,ALL,ALL,1.0,1049
2026-W10,GEN-3026,ALL,ALL,1.0,1049
2026-W10,GEN-3027,ALL,ALL,1.0,1049
2026-W10,GEN-3028,ALL,ALL,1.0,1049
2026-W10,GEN-3029,ALL,ALL,1.0,1049
2026-W11,CHG-US,US+1PH,US,1.0,274
2026-W11,CHG-US,US+3PH,US,0.49,134
2026-W11,CHG-CA,CA+1PH,CA,1.0,55
2026-W11,CHG-DE,DE+3PH,DE,1.0,110
2026-W11,CHG-NL,NL+3PH,NL,1.0,55
2026-W11,CHG-NO,NO+3PH,NO,1.0,46
2026-W11,CHG-CN,CN+3PH,CN,1.0,183
2026-W11,CHG-AU,AU+1PH,AU,0.51,28
2026-W11,CHG-AU,AU+3PH,AU,1.0,55
2026-W11,CHG-KR,KR+1PH,KR,1.0,82
2026-W11,CHG-KR,KR+3PH,KR,0.49,40
2026-W11,CHG-JP,JP+1PH,JP,1.0,55
2026-W11,GEN-3000,ALL,ALL,1.0,914
2026-W11,GEN-3001,ALL,ALL,1.0,914
2026-W11,GEN-3002,ALL,ALL,1.0,914
2026-W11,GEN-3003,ALL,ALL,1.0,914
2026-W11,GEN-3004,ALL,ALL,1.0,914
2026-W11,GEN-3005,ALL,ALL,1.0,914
2026-W11,GEN-3006,ALL,ALL,1.0,914
2026-W11,GEN-3007,ALL,ALL,1.0,914
2026-W11,GEN-3008,ALL,ALL,1.0,914
2026-W11,GEN-3009,ALL,ALL,1.0,914
2026-W11,GEN-3010,ALL,ALL,1.0,914
2026-W11,GEN-3011,ALL,ALL,1.0,914
2026-W11,GEN-3012,ALL,ALL,1.0,914
2026-W11,GEN-3013,ALL,ALL,1.0,914
2026-W11,GEN-3014,ALL,ALL,1.0,914
2026-W11,GEN-3015,ALL,ALL,1.0,914
2026-W11,GEN-3016,ALL,ALL,1.0,914
2026-W11,GEN-3017,ALL,ALL,1.0,914
2026-W11,GEN-3018,ALL,ALL,1.0,914
2026-W11,GEN-3019,ALL,ALL,1.0,914
2026-W11,GEN-3020,ALL,ALL,1.0,914
2026-W11,GEN-3021,ALL,ALL,1.0,914
2026-W11,GEN-3022,ALL,ALL,1.0,914
2026-W11,GEN-3023,ALL,ALL,1.0,914
2026-W11,GEN-3024,ALL,ALL,1.0,914
2026-W11,GEN-3025,ALL,ALL,1.0,914
2026-W11,GEN-3026,ALL,ALL,1.0,914
2026-W11,GEN-3027,ALL,ALL,1.0,914
2026-W11,GEN-3028,ALL,ALL,1.0,914
2026-W11,GEN-3029,ALL,ALL,1.0,914
2026-W12,CHG-US,US+1PH,US,1.0,309
2026-W12,CHG-US,US+3PH,US,0.49,151
2026-W12,CHG-CA,CA+1PH,CA,1.0,62
2026-W12,CHG-DE,DE+3PH,DE,1.0,123
2026-W12,CHG-NL,NL+3PH,NL,1.0,62
2026-W12,CHG-NO,NO+3PH,NO,1.0,51
2026-W12,CHG-CN,CN+3PH,CN,1.0,206
2026-W12,CHG-AU,AU+1PH,AU,0.51,32
2026-W12,CHG-AU,AU+3PH,AU,1.0,62
2026-W12,CHG-KR,KR+1PH,KR,1.0,93
2026-W12,CHG-KR,KR+3PH,KR,0.49,46
2026-W12,CHG-JP,JP+1PH,JP,1.0,62
2026-W12,GEN-3000,ALL,ALL,1.0,1029
2026-W12,GEN-3001,ALL,ALL,1.0,1029
2026-W12,GEN-3002,ALL,ALL,1.0,1029
2026-W12,GEN-3003,ALL,ALL,1.0,1029
2026-W12,GEN-3004,ALL,ALL,1.0,1029
2026-W12,GEN-3005,ALL,ALL,1.0,1029
2026-W12,GEN-3006,ALL,ALL,1.0,1029
2026-W12,GEN-3007,ALL,ALL,1.0,1029
2026-W12,GEN-3008,ALL,ALL,1.0,1029
2026-W12,GEN-3009,ALL,ALL,1.0,1029
2026-W12,GEN-3010,ALL,ALL,1.0,1029
2026-W12,GEN-3011,ALL,ALL,1.0,1029
2026-W12,GEN-3012,ALL,ALL,1.0,1029
2026-W12,GEN-3013,ALL,ALL,1.0,1029
2026-W12,GEN-3014,ALL,ALL,1.0,1029
2026-W12,GEN-3015,ALL,ALL,1.0,1029
2026-W12,GEN-3016,ALL,ALL,1.0,1029
2026-W12,GEN-3017,ALL,ALL,1.0,1029
2026-W12,GEN-3018,ALL,ALL,1.0,1029
2026-W12,GEN-3019,ALL,ALL,1.0,1029
2026-W12,GEN-3020,ALL,ALL,1.0,1029
2026-W12,GEN-3021,ALL,ALL,1.0,1029
2026-W12,GEN-3022,ALL,ALL,1.0,1029
2026-W12,GEN-3023,ALL,ALL,1.0,1029
2026-W12,GEN-3024,ALL,ALL,1.0,1029
2026-W12,GEN-3025,ALL,ALL,1.0,1029
2026-W12,GEN-3026,ALL,ALL,1.0,1029
2026-W12,GEN-3027,ALL,ALL,1.0,1029
2026-W12,GEN-3028,ALL,ALL,1.0,1029
2026-W12,GEN-3029,ALL,ALL,1.0,1029
2026-W13,CHG-US,US+1PH,US,1.0,286
2026-W13,CHG-US,US+3PH,US,0.49,140
2026-W13,CHG-CA,CA+1PH,CA,1.0,57
2026-W13,CHG-DE,DE+3PH,DE,1.0,114
2026-W13,CHG-NL,NL+3PH,NL,1.0,57
2026-W13,CHG-NO,NO+3PH,NO,1.0,48
2026-W13,CHG-CN,CN+3PH,CN,1.0,191
2026-W13,CHG-AU,AU+1PH,AU,0.51,29
2026-W13,CHG-AU,AU+3PH,AU,1.0,57
2026-W13,CHG-KR,KR+1PH,KR,1.0,86
2026-W13,CHG-KR,KR+3PH,KR,0.49,42
2026-W13,CHG-JP,JP+1PH,JP,1.0,57
2026-W13,GEN-3000,ALL,ALL,1.0,954
2026-W13,GEN-3001,ALL,ALL,1.0,954
2026-W13,GEN-3002,ALL,ALL,1.0,954
2026-W13,GEN-3003,ALL,ALL,1.0,954
2026-W13,GEN-3004,ALL,ALL,1.0,954
2026-W13,GEN-3005,ALL,ALL,1.0,954
2026-W13,GEN-3006,ALL,ALL,1.0,954
2026-W13,GEN-3007,ALL,ALL,1.0,954
2026-W13,GEN-3008,ALL,ALL,1.0,954
2026-W13,GEN-3009,ALL,ALL,1.0,954
2026-W13,GEN-3010,ALL,ALL,1.0,954
2026-W13,GEN-3011,ALL,ALL,1.0,954
2026-W13,GEN-3012,ALL,ALL,1.0,954
2026-W13,GEN-3013,ALL,ALL,1.0,954
2026-W13,GEN-3014,ALL,ALL,1.0,954
2026-W13,GEN-3015,ALL,ALL,1.0,954
2026-W13,GEN-3016,ALL,ALL,1.0,954
2026-W13,GEN-3017,ALL,ALL,1.0,954
2026-W13,GEN-3018,ALL,ALL,1.0,954
2026-W13,GEN-3019,ALL,ALL,1.0,954
2026-W13,GEN-3020,ALL,ALL,1.0,954
2026-W13,GEN-3021,ALL,ALL,1.0,954
2026-W13,GEN-3022,ALL,ALL,1.0,954
2026-W13,GEN-3023,ALL,ALL,1.0,954
2026-W13,GEN-3024,ALL,ALL,1.0,954
2026-W13,GEN-3025,ALL,ALL,1.0,954
2026-W13,GEN-3026,ALL,ALL,1.0,954
2026-W13,GEN-3027,ALL,ALL,1.0,954
2026-W13,GEN-3028,ALL,ALL,1.0,954
2026-W13,GEN-3029,ALL,ALL,1.0,954
