part,description,family,market,option_codes,unit_cost,bom_yield
CHG-US,"Charge inlet assembly, US",CHARGE_INLET,US,US+1PH|US+3PH,187.5993,0.02
CHG-CA,"Charge inlet assembly, CA",CHARGE_INLET,CA,CA+1PH,193.4375,0.02
CHG-DE,"Charge inlet assembly, DE",CHARGE_INLET,DE,DE+3PH,257.6067,0.03
CHG-NL,"Charge inlet assembly, NL",CHARGE_INLET,NL,NL+3PH,203.2024,0.02
CHG-NO,"Charge inlet assembly, NO",CHARGE_INLET,NO,NO+3PH,294.2896,0.03
CHG-CN,"Charge inlet assembly, CN",CHARGE_INLET,CN,CN+3PH,285.1964,0.02
CHG-AU,"Charge inlet assembly, AU",CHARGE_INLET,AU,AU+1PH|AU+3PH,357.3738,0.02
CHG-KR,"Charge inlet assembly, KR",CHARGE_INLET,KR,KR+1PH|KR+3PH,336.0874,0.02
CHG-JP,"Charge inlet assembly, JP",CHARGE_INLET,JP,JP+1PH,206.9224,0.02
GEN-3000,Harness clip,GENERAL,ALL,ALL,4.2717,0.07
GEN-3001,"Seal, door",GENERAL,ALL,ALL,4.436,0.07
GEN-3002,"Bracket, trim",GENERAL,ALL,ALL,3.255,0.15
GEN-3003,"Fastener, M6",GENERAL,ALL,ALL,0.5053,0.02
GEN-3004,Grommet,GENERAL,ALL,ALL,16.5848,0.08
GEN-3005,Foam pad,GENERAL,ALL,ALL,18.2381,0.13
GEN-3006,"Label, VIN",GENERAL,ALL,ALL,7.9049,0.13
GEN-3007,"Clip, wiring",GENERAL,ALL,ALL,7.7499,0.06
GEN-3008,Sensor mount,GENERAL,ALL,ALL,15.4998,0.04
GEN-3009,Hose clamp,GENERAL,ALL,ALL,9.0932,0.09
GEN-3010,Bushing,GENERAL,ALL,ALL,3.9178,0.03
GEN-3011,"Washer, M8",GENERAL,ALL,ALL,4.9083,0.05
GEN-3012,"Cover, access",GENERAL,ALL,ALL,29.8113,0.02
GEN-3013,Retainer,GENERAL,ALL,ALL,17.8764,0.08
GEN-3014,Spacer,GENERAL,ALL,ALL,10.6949,0.12
GEN-3015,"Tape, NVH",GENERAL,ALL,ALL,18.0831,0.05
GEN-3016,"Nut, flange",GENERAL,ALL,ALL,3.1516,0.04
GEN-3017,"Bolt, M10",GENERAL,ALL,ALL,20.6664,0.02
GEN-3018,"Shield, heat",GENERAL,ALL,ALL,9.7649,0.06
GEN-3019,"Duct, air",GENERAL,ALL,ALL,6.2433,0.04
GEN-3020,"Cap, end",GENERAL,ALL,ALL,27.538,0.04
GEN-3021,"Plug, body",GENERAL,ALL,ALL,11.2115,0.06
GEN-3022,"Strap, cable",GENERAL,ALL,ALL,2.0666,0.08
GEN-3023,"Pin, locating",GENERAL,ALL,ALL,22.9397,0.05
GEN-3024,Rivet,GENERAL,ALL,ALL,3.7913,0.03
GEN-3025,Adhesive cartridge,GENERAL,ALL,ALL,17.1531,0.09
GEN-3026,Gasket,GENERAL,ALL,ALL,13.4848,0.06
GEN-3027,Insulator,GENERAL,ALL,ALL,13.0198,0.04
GEN-3028,Bezel,GENERAL,ALL,ALL,29.708,0.03
GEN-3029,Trim panel clip,GENERAL,ALL,ALL,4.9083,0.19
