part,workstation,qty_issued_13wk
CHG-US,WS-100,3751
CHG-CA,WS-250,754
CHG-DE,WS-360,1506
CHG-NL,WS-280,753
CHG-NO,WS-150,627
CHG-CN,WS-180,2511
CHG-AU,WS-190,752
CHG-KR,WS-100,1130
CHG-JP,WS-140,750
GEN-3000,WS-230,25062
GEN-3000,WS-250,0
GEN-3000,WS-260,0
GEN-3001,WS-270,12544
GEN-3001,WS-250,0
GEN-3002,WS-210,25060
GEN-3003,WS-290,50180
GEN-3003,WS-300,0
GEN-3004,WS-280,74892
GEN-3005,WS-200,25044
GEN-3006,WS-140,25052
GEN-3007,WS-320,100384
GEN-3008,WS-370,49896
GEN-3009,WS-260,24984
GEN-3010,WS-290,12536
GEN-3010,WS-140,0
GEN-3010,WS-310,0
GEN-3011,WS-300,25008
GEN-3012,WS-310,12506
GEN-3013,WS-330,50144
GEN-3014,WS-110,24960
GEN-3015,WS-240,25032
GEN-3016,WS-380,100184
GEN-3017,WS-370,75114
GEN-3018,WS-340,75072
GEN-3019,WS-370,74790
GEN-3019,WS-210,0
GEN-3020,WS-310,25158
GEN-3021,WS-350,25062
GEN-3022,WS-270,24982
GEN-3023,WS-220,12463
GEN-3024,WS-220,100392
GEN-3024,WS-130,0
GEN-3025,WS-220,25148
GEN-3026,WS-220,99784
GEN-3027,WS-130,75288
GEN-3028,WS-250,25082
GEN-3029,WS-300,12495
